packet_count,byte_count,duration,packets_per_second,bytes_per_second,syn_count,syn_ratio,mean_interval_seconds,interval_cv,inter_arrival_count,unique_dst_ports,unique_dst_ips,unique_src_ips,total_packets_to_dest,total_bytes_to_dest,total_syn_to_dest,dest_syn_ratio,dest_udp_ratio,dest_src_ip_entropy,pair_bytes_out,pair_bytes_in,out_in_ratio,is_outbound,beacon_conn_count,beacon_span_seconds,beacon_mean_interval,beacon_interval_cv,beacon_bytes_per_conn,dns_query_count,dns_avg_label_length,dns_avg_entropy,dns_avg_digit_ratio,dns_avg_bigram_score,dns_unusual_qtype_ratio,dns_queries_per_second,tls_cipher_count,tls_extension_count,tls_has_sni,tls_server_cipher,label,source_pcap
8.0,820.0,1.1499998569488525,6.956522604468296,713.0435669580004,1.0,0.125,0.16428569384983607,0.3532192785411006,7.0,1.0,1.0,1.0,80.0,8200.0,10.0,0.125,0.0,0.0,8200.0,0.0,8200.0,0.0,10.0,18.0,2.0,0.0,820.0,0.0,0.0,0.0,0.0,1.0,0.0,0.0,0.0,0.0,0.0,0.0,BENIGN,benign.pcap
8.0,820.0,1.1499998569488525,6.956522604468296,713.0435669580004,1.0,0.125,0.16428569384983607,0.3532192785411006,7.0,1.0,1.0,1.0,80.0,8200.0,10.0,0.125,0.0,0.0,8200.0,0.0,8200.0,0.0,10.0,18.0,2.0,0.0,820.0,0.0,0.0,0.0,0.0,1.0,0.0,0.0,0.0,0.0,0.0,0.0,BENIGN,benign.pcap
8.0,820.0,1.1499998569488525,6.956522604468296,713.0435669580004,1.0,0.125,0.16428569384983607,0.3532192785411006,7.0,1.0,1.0,1.0,80.0,8200.0,10.0,0.125,0.0,0.0,8200.0,0.0,8200.0,0.0,10.0,18.0,2.0,0.0,820.0,0.0,0.0,0.0,0.0,1.0,0.0,0.0,0.0,0.0,0.0,0.0,BENIGN,benign.pcap
8.0,820.0,1.1499998569488525,6.956522604468296,713.0435669580004,1.0,0.125,0.16428569384983607,0.3532192785411006,7.0,1.0,1.0,1.0,80.0,8200.0,10.0,0.125,0.0,0.0,8200.0,0.0,8200.0,0.0,10.0,18.0,2.0,0.0,820.0,0.0,0.0,0.0,0.0,1.0,0.0,0.0,0.0,0.0,0.0,0.0,BENIGN,benign.pcap
8.0,820.0,1.1499998569488525,6.956522604468296,713.0435669580004,1.0,0.125,0.16428569384983607,0.3532192785411006,7.0,1.0,1.0,1.0,80.0,8200.0,10.0,0.125,0.0,0.0,8200.0,0.0,8200.0,0.0,10.0,18.0,2.0,0.0,820.0,0.0,0.0,0.0,0.0,1.0,0.0,0.0,0.0,0.0,0.0,0.0,BENIGN,benign.pcap
8.0,820.0,1.1499998569488525,6.956522604468296,713.0435669580004,1.0,0.125,0.16428569384983607,0.3532192785411006,7.0,1.0,1.0,1.0,80.0,8200.0,10.0,0.125,0.0,0.0,8200.0,0.0,8200.0,0.0,10.0,18.0,2.0,0.0,820.0,0.0,0.0,0.0,0.0,1.0,0.0,0.0,0.0,0.0,0.0,0.0,BENIGN,benign.pcap
8.0,820.0,1.1499998569488525,6.956522604468296,713.0435669580004,1.0,0.125,0.16428569384983607,0.3532192785411006,7.0,1.0,1.0,1.0,80.0,8200.0,10.0,0.125,0.0,0.0,8200.0,0.0,8200.0,0.0,10.0,18.0,2.0,0.0,820.0,0.0,0.0,0.0,0.0,1.0,0.0,0.0,0.0,0.0,0.0,0.0,BENIGN,benign.pcap
8.0,820.0,1.1499998569488525,6.956522604468296,713.0435669580004,1.0,0.125,0.16428569384983607,0.3532192785411006,7.0,1.0,1.0,1.0,80.0,8200.0,10.0,0.125,0.0,0.0,8200.0,0.0,8200.0,0.0,10.0,18.0,2.0,0.0,820.0,0.0,0.0,0.0,0.0,1.0,0.0,0.0,0.0,0.0,0.0,0.0,BENIGN,benign.pcap
8.0,820.0,1.1499998569488525,6.956522604468296,713.0435669580004,1.0,0.125,0.16428569384983607,0.3532192785411006,7.0,1.0,1.0,1.0,80.0,8200.0,10.0,0.125,0.0,0.0,8200.0,0.0,8200.0,0.0,10.0,18.0,2.0,0.0,820.0,0.0,0.0,0.0,0.0,1.0,0.0,0.0,0.0,0.0,0.0,0.0,BENIGN,benign.pcap
8.0,820.0,1.1499998569488525,6.956522604468296,713.0435669580004,1.0,0.125,0.16428569384983607,0.3532192785411006,7.0,1.0,1.0,1.0,80.0,8200.0,10.0,0.125,0.0,0.0,8200.0,0.0,8200.0,0.0,10.0,18.0,2.0,0.0,820.0,0.0,0.0,0.0,0.0,1.0,0.0,0.0,0.0,0.0,0.0,0.0,BENIGN,benign.pcap
1.0,56.0,0.001,1000.0,56000.0,0.0,0.0,0.0,0.0,0.0,1.0,1.0,1.0,6.0,364.0,0.0,0.0,1.0,0.0,364.0,0.0,364.0,1.0,6.0,15.0,3.0,0.0,60.666666666666664,6.0,4.833333333333333,2.0324706620935458,0.0,0.8222222222222223,0.0,0.4,0.0,0.0,0.0,0.0,BENIGN,benign_dns.pcap
1.0,57.0,0.001,1000.0,57000.0,0.0,0.0,0.0,0.0,0.0,1.0,1.0,1.0,6.0,364.0,0.0,0.0,1.0,0.0,364.0,0.0,364.0,1.0,6.0,15.0,3.0,0.0,60.666666666666664,6.0,4.833333333333333,2.0324706620935458,0.0,0.8222222222222223,0.0,0.4,0.0,0.0,0.0,0.0,BENIGN,benign_dns.pcap
1.0,61.0,0.001,1000.0,61000.0,0.0,0.0,0.0,0.0,0.0,1.0,1.0,1.0,6.0,364.0,0.0,0.0,1.0,0.0,364.0,0.0,364.0,1.0,6.0,15.0,3.0,0.0,60.666666666666664,6.0,4.833333333333333,2.0324706620935458,0.0,0.8222222222222223,0.0,0.4,0.0,0.0,0.0,0.0,BENIGN,benign_dns.pcap
1.0,64.0,0.001,1000.0,64000.0,0.0,0.0,0.0,0.0,0.0,1.0,1.0,1.0,6.0,364.0,0.0,0.0,1.0,0.0,364.0,0.0,364.0,1.0,6.0,15.0,3.0,0.0,60.666666666666664,6.0,4.833333333333333,2.0324706620935458,0.0,0.8222222222222223,0.0,0.4,0.0,0.0,0.0,0.0,BENIGN,benign_dns.pcap
1.0,60.0,0.001,1000.0,60000.0,0.0,0.0,0.0,0.0,0.0,1.0,1.0,1.0,6.0,364.0,0.0,0.0,1.0,0.0,364.0,0.0,364.0,1.0,6.0,15.0,3.0,0.0,60.666666666666664,6.0,4.833333333333333,2.0324706620935458,0.0,0.8222222222222223,0.0,0.4,0.0,0.0,0.0,0.0,BENIGN,benign_dns.pcap
1.0,66.0,0.001,1000.0,66000.0,0.0,0.0,0.0,0.0,0.0,1.0,1.0,1.0,6.0,364.0,0.0,0.0,1.0,0.0,364.0,0.0,364.0,1.0,6.0,15.0,3.0,0.0,60.666666666666664,6.0,4.833333333333333,2.0324706620935458,0.0,0.8222222222222223,0.0,0.4,0.0,0.0,0.0,0.0,BENIGN,benign_dns.pcap
26.0,1040.0,5.000994920730591,5.1989654882916145,207.95861953166457,1.0,0.038461538461538464,0.20003979682922363,0.0009788117540109327,25.0,1.0,1.0,1.0,26.0,1040.0,1.0,0.038461538461538464,0.0,0.0,1040.0,310000.0,0.0033548387096774194,1.0,1.0,0.0,0.0,0.0,1040.0,0.0,0.0,0.0,0.0,1.0,0.0,0.0,0.0,0.0,0.0,0.0,BENIGN,benign_download.pcap
250.0,310000.0,4.979995965957642,50.20084387797804,62249.04640869277,0.0,0.0,0.019999983799026674,6.8810583560876656e-06,249.0,1.0,1.0,1.0,250.0,310000.0,0.0,0.0,0.0,0.0,310000.0,1040.0,298.0769230769231,0.0,1.0,0.0,0.0,0.0,310000.0,0.0,0.0,0.0,0.0,1.0,0.0,0.0,0.0,0.0,0.0,0.0,BENIGN,benign_download.pcap
3.0,294.0,0.03000020980834961,99.99930064372566,9799.931463085115,1.0,0.3333333333333333,0.015000104904174805,0.3333227370261464,2.0,1.0,1.0,1.0,3.0,294.0,1.0,0.3333333333333333,0.0,0.0,294.0,0.0,294.0,1.0,1.0,0.0,0.0,0.0,294.0,0.0,0.0,0.0,0.0,1.0,0.0,0.0,15.0,9.0,1.0,0.0,BENIGN,benign_tls.pcap
3.0,266.0,0.029999971389770508,100.00009536752259,8866.675122587003,1.0,0.3333333333333333,0.014999985694885254,0.3333333333333333,2.0,1.0,1.0,1.0,3.0,266.0,1.0,0.3333333333333333,0.0,0.0,266.0,141.0,1.8865248226950355,1.0,1.0,0.0,0.0,0.0,266.0,0.0,0.0,0.0,0.0,1.0,0.0,0.0,13.0,8.0,1.0,4865.0,BENIGN,ja3s_control.pcap
2.0,141.0,0.029999971389770508,66.66673024501506,4700.004482273562,1.0,0.5,0.0,0.0,0.0,1.0,1.0,1.0,2.0,141.0,1.0,0.5,0.0,0.0,141.0,266.0,0.5300751879699248,0.0,1.0,0.0,0.0,0.0,141.0,0.0,0.0,0.0,0.0,1.0,0.0,0.0,0.0,0.0,0.0,4865.0,BENIGN,ja3s_control.pcap
4.0,179.0,0.14999985694885254,26.666692098006024,1193.3344713857696,1.0,0.25,0.04999995231628418,0.0,3.0,1.0,1.0,1.0,32.0,1432.0,8.0,0.25,0.0,0.0,1432.0,0.0,1432.0,1.0,8.0,276.0,39.42857142857143,0.8735266047800485,179.0,0.0,0.0,0.0,0.0,1.0,0.0,0.0,0.0,0.0,0.0,0.0,BENIGN,irregular_multiconn.pcap
4.0,179.0,0.14999985694885254,26.666692098006024,1193.3344713857696,1.0,0.25,0.04999995231628418,0.0,3.0,1.0,1.0,1.0,32.0,1432.0,8.0,0.25,0.0,0.0,1432.0,0.0,1432.0,1.0,8.0,276.0,39.42857142857143,0.8735266047800485,179.0,0.0,0.0,0.0,0.0,1.0,0.0,0.0,0.0,0.0,0.0,0.0,BENIGN,irregular_multiconn.pcap
4.0,179.0,0.14999985694885254,26.666692098006024,1193.3344713857696,1.0,0.25,0.04999995231628418,0.0,3.0,1.0,1.0,1.0,32.0,1432.0,8.0,0.25,0.0,0.0,1432.0,0.0,1432.0,1.0,8.0,276.0,39.42857142857143,0.8735266047800485,179.0,0.0,0.0,0.0,0.0,1.0,0.0,0.0,0.0,0.0,0.0,0.0,BENIGN,irregular_multiconn.pcap
4.0,179.0,0.14999985694885254,26.666692098006024,1193.3344713857696,1.0,0.25,0.04999995231628418,0.0,3.0,1.0,1.0,1.0,32.0,1432.0,8.0,0.25,0.0,0.0,1432.0,0.0,1432.0,1.0,8.0,276.0,39.42857142857143,0.8735266047800485,179.0,0.0,0.0,0.0,0.0,1.0,0.0,0.0,0.0,0.0,0.0,0.0,BENIGN,irregular_multiconn.pcap
4.0,179.0,0.14999985694885254,26.666692098006024,1193.3344713857696,1.0,0.25,0.04999995231628418,0.0,3.0,1.0,1.0,1.0,32.0,1432.0,8.0,0.25,0.0,0.0,1432.0,0.0,1432.0,1.0,8.0,276.0,39.42857142857143,0.8735266047800485,179.0,0.0,0.0,0.0,0.0,1.0,0.0,0.0,0.0,0.0,0.0,0.0,BENIGN,irregular_multiconn.pcap
4.0,179.0,0.14999985694885254,26.666692098006024,1193.3344713857696,1.0,0.25,0.04999995231628418,0.0,3.0,1.0,1.0,1.0,32.0,1432.0,8.0,0.25,0.0,0.0,1432.0,0.0,1432.0,1.0,8.0,276.0,39.42857142857143,0.8735266047800485,179.0,0.0,0.0,0.0,0.0,1.0,0.0,0.0,0.0,0.0,0.0,0.0,BENIGN,irregular_multiconn.pcap
4.0,179.0,0.14999985694885254,26.666692098006024,1193.3344713857696,1.0,0.25,0.04999995231628418,0.0,3.0,1.0,1.0,1.0,32.0,1432.0,8.0,0.25,0.0,0.0,1432.0,0.0,1432.0,1.0,8.0,276.0,39.42857142857143,0.8735266047800485,179.0,0.0,0.0,0.0,0.0,1.0,0.0,0.0,0.0,0.0,0.0,0.0,BENIGN,irregular_multiconn.pcap
4.0,179.0,0.14999985694885254,26.666692098006024,1193.3344713857696,1.0,0.25,0.04999995231628418,0.0,3.0,1.0,1.0,1.0,32.0,1432.0,8.0,0.25,0.0,0.0,1432.0,0.0,1432.0,1.0,8.0,276.0,39.42857142857143,0.8735266047800485,179.0,0.0,0.0,0.0,0.0,1.0,0.0,0.0,0.0,0.0,0.0,0.0,BENIGN,irregular_multiconn.pcap
5.0,200.0,0.09603691101074219,52.063315525014396,2082.532621000576,5.0,1.0,0.024009227752685547,0.04766268650938962,4.0,1.0,1.0,200.0,1000.0,40000.0,1000.0,1.0,0.0,7.643856189774741,200.0,0.0,200.0,0.0,1.0,0.0,0.0,0.0,200.0,0.0,0.0,0.0,0.0,1.0,0.0,0.0,0.0,0.0,0.0,0.0,DDOS,ddos.pcap
5.0,200.0,0.0962669849395752,51.938886453527104,2077.5554581410843,5.0,1.0,0.0240667462348938,0.051706004656394716,4.0,1.0,1.0,200.0,1000.0,40000.0,1000.0,1.0,0.0,7.643856189774741,200.0,0.0,200.0,0.0,1.0,0.0,0.0,0.0,200.0,0.0,0.0,0.0,0.0,1.0,0.0,0.0,0.0,0.0,0.0,0.0,DDOS,ddos.pcap
5.0,200.0,0.09638690948486328,51.874264116593615,2074.9705646637444,5.0,1.0,0.02409672737121582,0.053708495671262166,4.0,1.0,1.0,200.0,1000.0,40000.0,1000.0,1.0,0.0,7.643856189774741,200.0,0.0,200.0,0.0,1.0,0.0,0.0,0.0,200.0,0.0,0.0,0.0,0.0,1.0,0.0,0.0,0.0,0.0,0.0,0.0,DDOS,ddos.pcap
5.0,200.0,0.09666609764099121,51.724442405542526,2068.977696221701,5.0,1.0,0.024166524410247803,0.05809624374893759,4.0,1.0,1.0,200.0,1000.0,40000.0,1000.0,1.0,0.0,7.643856189774741,200.0,0.0,200.0,0.0,1.0,0.0,0.0,0.0,200.0,0.0,0.0,0.0,0.0,1.0,0.0,0.0,0.0,0.0,0.0,0.0,DDOS,ddos.pcap
5.0,200.0,0.09674787521362305,51.68072155548436,2067.2288622193746,5.0,1.0,0.02418696880340576,0.059132639581123664,4.0,1.0,1.0,200.0,1000.0,40000.0,1000.0,1.0,0.0,7.643856189774741,200.0,0.0,200.0,0.0,1.0,0.0,0.0,0.0,200.0,0.0,0.0,0.0,0.0,1.0,0.0,0.0,0.0,0.0,0.0,0.0,DDOS,ddos.pcap
5.0,200.0,0.09676909446716309,51.669389152924886,2066.7755661169954,5.0,1.0,0.02419227361679077,0.05950898711274135,4.0,1.0,1.0,200.0,1000.0,40000.0,1000.0,1.0,0.0,7.643856189774741,200.0,0.0,200.0,0.0,1.0,0.0,0.0,0.0,200.0,0.0,0.0,0.0,0.0,1.0,0.0,0.0,0.0,0.0,0.0,0.0,DDOS,ddos.pcap
5.0,200.0,0.09678316116333008,51.66187940030251,2066.4751760121003,5.0,1.0,0.02419579029083252,0.05968777443265056,4.0,1.0,1.0,200.0,1000.0,40000.0,1000.0,1.0,0.0,7.643856189774741,200.0,0.0,200.0,0.0,1.0,0.0,0.0,0.0,200.0,0.0,0.0,0.0,0.0,1.0,0.0,0.0,0.0,0.0,0.0,0.0,DDOS,ddos.pcap
5.0,200.0,0.09678983688354492,51.65831621367307,2066.3326485469224,5.0,1.0,0.02419745922088623,0.0598539346455696,4.0,1.0,1.0,200.0,1000.0,40000.0,1000.0,1.0,0.0,7.643856189774741,200.0,0.0,200.0,0.0,1.0,0.0,0.0,0.0,200.0,0.0,0.0,0.0,0.0,1.0,0.0,0.0,0.0,0.0,0.0,0.0,DDOS,ddos.pcap
5.0,200.0,0.09688186645507812,51.609245186439345,2064.3698074575736,5.0,1.0,0.02422046661376953,0.06135198616308527,4.0,1.0,1.0,200.0,1000.0,40000.0,1000.0,1.0,0.0,7.643856189774741,200.0,0.0,200.0,0.0,1.0,0.0,0.0,0.0,200.0,0.0,0.0,0.0,0.0,1.0,0.0,0.0,0.0,0.0,0.0,0.0,DDOS,ddos.pcap
5.0,200.0,0.09701299667358398,51.53948616620218,2061.5794466480875,5.0,1.0,0.024253249168395996,0.06349184881629727,4.0,1.0,1.0,200.0,1000.0,40000.0,1000.0,1.0,0.0,7.643856189774741,200.0,0.0,200.0,0.0,1.0,0.0,0.0,0.0,200.0,0.0,0.0,0.0,0.0,1.0,0.0,0.0,0.0,0.0,0.0,0.0,DDOS,ddos.pcap
5.0,200.0,0.09712386131286621,51.48065503587674,2059.2262014350695,5.0,1.0,0.024280965328216553,0.06560740519072647,4.0,1.0,1.0,200.0,1000.0,40000.0,1000.0,1.0,0.0,7.643856189774741,200.0,0.0,200.0,0.0,1.0,0.0,0.0,0.0,200.0,0.0,0.0,0.0,0.0,1.0,0.0,0.0,0.0,0.0,0.0,0.0,DDOS,ddos.pcap
5.0,200.0,0.09721803665161133,51.4307856053286,2057.231424213144,5.0,1.0,0.024304509162902832,0.06734120295758636,4.0,1.0,1.0,200.0,1000.0,40000.0,1000.0,1.0,0.0,7.643856189774741,200.0,0.0,200.0,0.0,1.0,0.0,0.0,0.0,200.0,0.0,0.0,0.0,0.0,1.0,0.0,0.0,0.0,0.0,0.0,0.0,DDOS,ddos.pcap
5.0,200.0,0.09731388092041016,51.380131515763274,2055.205260630531,5.0,1.0,0.02432847023010254,0.06894719730189866,4.0,1.0,1.0,200.0,1000.0,40000.0,1000.0,1.0,0.0,7.643856189774741,200.0,0.0,200.0,0.0,1.0,0.0,0.0,0.0,200.0,0.0,0.0,0.0,0.0,1.0,0.0,0.0,0.0,0.0,0.0,0.0,DDOS,ddos.pcap
5.0,200.0,0.09740900993347168,51.32995400954076,2053.1981603816303,5.0,1.0,0.02435225248336792,0.07045925135096608,4.0,1.0,1.0,200.0,1000.0,40000.0,1000.0,1.0,0.0,7.643856189774741,200.0,0.0,200.0,0.0,1.0,0.0,0.0,0.0,200.0,0.0,0.0,0.0,0.0,1.0,0.0,0.0,0.0,0.0,0.0,0.0,DDOS,ddos.pcap
5.0,200.0,0.09753203392028809,51.26520794272011,2050.6083177088044,5.0,1.0,0.02438300848007202,0.07240821089171016,4.0,1.0,1.0,200.0,1000.0,40000.0,1000.0,1.0,0.0,7.643856189774741,200.0,0.0,200.0,0.0,1.0,0.0,0.0,0.0,200.0,0.0,0.0,0.0,0.0,1.0,0.0,0.0,0.0,0.0,0.0,0.0,DDOS,ddos.pcap
5.0,200.0,0.0976409912109375,51.208001250195345,2048.3200500078137,5.0,1.0,0.024410247802734375,0.07415158378721287,4.0,1.0,1.0,200.0,1000.0,40000.0,1000.0,1.0,0.0,7.643856189774741,200.0,0.0,200.0,0.0,1.0,0.0,0.0,0.0,200.0,0.0,0.0,0.0,0.0,1.0,0.0,0.0,0.0,0.0,0.0,0.0,DDOS,ddos.pcap
5.0,200.0,0.09772777557373047,51.16252744571847,2046.5010978287387,5.0,1.0,0.024431943893432617,0.0734025578282156,4.0,1.0,1.0,200.0,1000.0,40000.0,1000.0,1.0,0.0,7.643856189774741,200.0,0.0,200.0,0.0,1.0,0.0,0.0,0.0,200.0,0.0,0.0,0.0,0.0,1.0,0.0,0.0,0.0,0.0,0.0,0.0,DDOS,ddos.pcap
5.0,200.0,0.09796595573425293,51.03813832596332,2041.5255330385326,5.0,1.0,0.024491488933563232,0.07345692606157526,4.0,1.0,1.0,200.0,1000.0,40000.0,1000.0,1.0,0.0,7.643856189774741,200.0,0.0,200.0,0.0,1.0,0.0,0.0,0.0,200.0,0.0,0.0,0.0,0.0,1.0,0.0,0.0,0.0,0.0,0.0,0.0,DDOS,ddos.pcap
5.0,200.0,0.09829592704772949,50.86680750843474,2034.6723003373895,5.0,1.0,0.024573981761932373,0.07602271231401778,4.0,1.0,1.0,200.0,1000.0,40000.0,1000.0,1.0,0.0,7.643856189774741,200.0,0.0,200.0,0.0,1.0,0.0,0.0,0.0,200.0,0.0,0.0,0.0,0.0,1.0,0.0,0.0,0.0,0.0,0.0,0.0,DDOS,ddos.pcap
5.0,200.0,0.09834694862365723,50.84041823334473,2033.6167293337892,5.0,1.0,0.024586737155914307,0.07604431751123006,4.0,1.0,1.0,200.0,1000.0,40000.0,1000.0,1.0,0.0,7.643856189774741,200.0,0.0,200.0,0.0,1.0,0.0,0.0,0.0,200.0,0.0,0.0,0.0,0.0,1.0,0.0,0.0,0.0,0.0,0.0,0.0,DDOS,ddos.pcap
5.0,200.0,0.09815001487731934,50.94242732667591,2037.6970930670366,5.0,1.0,0.024537503719329834,0.07607436035700331,4.0,1.0,1.0,200.0,1000.0,40000.0,1000.0,1.0,0.0,7.643856189774741,200.0,0.0,200.0,0.0,1.0,0.0,0.0,0.0,200.0,0.0,0.0,0.0,0.0,1.0,0.0,0.0,0.0,0.0,0.0,0.0,DDOS,ddos.pcap
5.0,200.0,0.09797096252441406,51.03553003017619,2041.4212012070475,5.0,1.0,0.024492740631103516,0.07664902806425135,4.0,1.0,1.0,200.0,1000.0,40000.0,1000.0,1.0,0.0,7.643856189774741,200.0,0.0,200.0,0.0,1.0,0.0,0.0,0.0,200.0,0.0,0.0,0.0,0.0,1.0,0.0,0.0,0.0,0.0,0.0,0.0,DDOS,ddos.pcap
5.0,200.0,0.09780192375183105,51.123738758833866,2044.9495503533547,5.0,1.0,0.024450480937957764,0.07779474040441864,4.0,1.0,1.0,200.0,1000.0,40000.0,1000.0,1.0,0.0,7.643856189774741,200.0,0.0,200.0,0.0,1.0,0.0,0.0,0.0,200.0,0.0,0.0,0.0,0.0,1.0,0.0,0.0,0.0,0.0,0.0,0.0,DDOS,ddos.pcap
5.0,200.0,0.09733200073242188,51.3705663335293,2054.8226533411716,5.0,1.0,0.02433300018310547,0.08137303869925575,4.0,1.0,1.0,200.0,1000.0,40000.0,1000.0,1.0,0.0,7.643856189774741,200.0,0.0,200.0,0.0,1.0,0.0,0.0,0.0,200.0,0.0,0.0,0.0,0.0,1.0,0.0,0.0,0.0,0.0,0.0,0.0,DDOS,ddos.pcap
5.0,200.0,0.09726381301879883,51.406580153644775,2056.263206145791,5.0,1.0,0.024315953254699707,0.0769204844459364,4.0,1.0,1.0,200.0,1000.0,40000.0,1000.0,1.0,0.0,7.643856189774741,200.0,0.0,200.0,0.0,1.0,0.0,0.0,0.0,200.0,0.0,0.0,0.0,0.0,1.0,0.0,0.0,0.0,0.0,0.0,0.0,DDOS,ddos.pcap
5.0,200.0,0.09724187850952148,51.418175755525155,2056.7270302210063,5.0,1.0,0.02431046962738037,0.07012203136801864,4.0,1.0,1.0,200.0,1000.0,40000.0,1000.0,1.0,0.0,7.643856189774741,200.0,0.0,200.0,0.0,1.0,0.0,0.0,0.0,200.0,0.0,0.0,0.0,0.0,1.0,0.0,0.0,0.0,0.0,0.0,0.0,DDOS,ddos.pcap
5.0,200.0,0.09724211692810059,51.41804968825316,2056.7219875301266,5.0,1.0,0.024310529232025146,0.06687284521198872,4.0,1.0,1.0,200.0,1000.0,40000.0,1000.0,1.0,0.0,7.643856189774741,200.0,0.0,200.0,0.0,1.0,0.0,0.0,0.0,200.0,0.0,0.0,0.0,0.0,1.0,0.0,0.0,0.0,0.0,0.0,0.0,DDOS,ddos.pcap
5.0,200.0,0.09724593162536621,51.41603269597111,2056.6413078388446,5.0,1.0,0.024311482906341553,0.06668520686685192,4.0,1.0,1.0,200.0,1000.0,40000.0,1000.0,1.0,0.0,7.643856189774741,200.0,0.0,200.0,0.0,1.0,0.0,0.0,0.0,200.0,0.0,0.0,0.0,0.0,1.0,0.0,0.0,0.0,0.0,0.0,0.0,DDOS,ddos.pcap
5.0,200.0,0.09725499153137207,51.41124297344803,2056.4497189379213,5.0,1.0,0.024313747882843018,0.06675560592220563,4.0,1.0,1.0,200.0,1000.0,40000.0,1000.0,1.0,0.0,7.643856189774741,200.0,0.0,200.0,0.0,1.0,0.0,0.0,0.0,200.0,0.0,0.0,0.0,0.0,1.0,0.0,0.0,0.0,0.0,0.0,0.0,DDOS,ddos.pcap
5.0,200.0,0.09734797477722168,51.362136823517595,2054.485472940704,5.0,1.0,0.02433699369430542,0.06776886129120291,4.0,1.0,1.0,200.0,1000.0,40000.0,1000.0,1.0,0.0,7.643856189774741,200.0,0.0,200.0,0.0,1.0,0.0,0.0,0.0,200.0,0.0,0.0,0.0,0.0,1.0,0.0,0.0,0.0,0.0,0.0,0.0,DDOS,ddos.pcap
5.0,200.0,0.09738492965698242,51.34264631716047,2053.705852686419,5.0,1.0,0.024346232414245605,0.06820770754479617,4.0,1.0,1.0,200.0,1000.0,40000.0,1000.0,1.0,0.0,7.643856189774741,200.0,0.0,200.0,0.0,1.0,0.0,0.0,0.0,200.0,0.0,0.0,0.0,0.0,1.0,0.0,0.0,0.0,0.0,0.0,0.0,DDOS,ddos.pcap
5.0,200.0,0.09740805625915527,51.33045655584628,2053.218262233851,5.0,1.0,0.02435201406478882,0.06838507233315338,4.0,1.0,1.0,200.0,1000.0,40000.0,1000.0,1.0,0.0,7.643856189774741,200.0,0.0,200.0,0.0,1.0,0.0,0.0,0.0,200.0,0.0,0.0,0.0,0.0,1.0,0.0,0.0,0.0,0.0,0.0,0.0,DDOS,ddos.pcap
5.0,200.0,0.09741997718811035,51.32417543421706,2052.9670173686827,5.0,1.0,0.024354994297027588,0.06782297319944906,4.0,1.0,1.0,200.0,1000.0,40000.0,1000.0,1.0,0.0,7.643856189774741,200.0,0.0,200.0,0.0,1.0,0.0,0.0,0.0,200.0,0.0,0.0,0.0,0.0,1.0,0.0,0.0,0.0,0.0,0.0,0.0,DDOS,ddos.pcap
5.0,200.0,0.09742403030395508,51.322040203021835,2052.8816081208734,5.0,1.0,0.02435600757598877,0.06767712589636614,4.0,1.0,1.0,200.0,1000.0,40000.0,1000.0,1.0,0.0,7.643856189774741,200.0,0.0,200.0,0.0,1.0,0.0,0.0,0.0,200.0,0.0,0.0,0.0,0.0,1.0,0.0,0.0,0.0,0.0,0.0,0.0,DDOS,ddos.pcap
5.0,200.0,0.09742593765258789,51.321035449815724,2052.841417992629,5.0,1.0,0.024356484413146973,0.06757940628914424,4.0,1.0,1.0,200.0,1000.0,40000.0,1000.0,1.0,0.0,7.643856189774741,200.0,0.0,200.0,0.0,1.0,0.0,0.0,0.0,200.0,0.0,0.0,0.0,0.0,1.0,0.0,0.0,0.0,0.0,0.0,0.0,DDOS,ddos.pcap
5.0,200.0,0.09742903709411621,51.319402809760014,2052.7761123904006,5.0,1.0,0.024357259273529053,0.06753878869431534,4.0,1.0,1.0,200.0,1000.0,40000.0,1000.0,1.0,0.0,7.643856189774741,200.0,0.0,200.0,0.0,1.0,0.0,0.0,0.0,200.0,0.0,0.0,0.0,0.0,1.0,0.0,0.0,0.0,0.0,0.0,0.0,DDOS,ddos.pcap
5.0,200.0,0.09743404388427734,51.31676568755078,2052.670627502031,5.0,1.0,0.024358510971069336,0.06752633506180844,4.0,1.0,1.0,200.0,1000.0,40000.0,1000.0,1.0,0.0,7.643856189774741,200.0,0.0,200.0,0.0,1.0,0.0,0.0,0.0,200.0,0.0,0.0,0.0,0.0,1.0,0.0,0.0,0.0,0.0,0.0,0.0,DDOS,ddos.pcap
5.0,200.0,0.09748601913452148,51.289405849063066,2051.5762339625226,5.0,1.0,0.02437150478363037,0.06801061725920579,4.0,1.0,1.0,200.0,1000.0,40000.0,1000.0,1.0,0.0,7.643856189774741,200.0,0.0,200.0,0.0,1.0,0.0,0.0,0.0,200.0,0.0,0.0,0.0,0.0,1.0,0.0,0.0,0.0,0.0,0.0,0.0,DDOS,ddos.pcap
5.0,200.0,0.09750890731811523,51.27736673007614,2051.0946692030457,5.0,1.0,0.02437722682952881,0.06830287137664418,4.0,1.0,1.0,200.0,1000.0,40000.0,1000.0,1.0,0.0,7.643856189774741,200.0,0.0,200.0,0.0,1.0,0.0,0.0,0.0,200.0,0.0,0.0,0.0,0.0,1.0,0.0,0.0,0.0,0.0,0.0,0.0,DDOS,ddos.pcap
5.0,200.0,0.09752798080444336,51.26733844747251,2050.6935378989006,5.0,1.0,0.02438199520111084,0.06822535938488526,4.0,1.0,1.0,200.0,1000.0,40000.0,1000.0,1.0,0.0,7.643856189774741,200.0,0.0,200.0,0.0,1.0,0.0,0.0,0.0,200.0,0.0,0.0,0.0,0.0,1.0,0.0,0.0,0.0,0.0,0.0,0.0,DDOS,ddos.pcap
5.0,200.0,0.09754109382629395,51.260446278204036,2050.4178511281616,5.0,1.0,0.024385273456573486,0.06834446174478974,4.0,1.0,1.0,200.0,1000.0,40000.0,1000.0,1.0,0.0,7.643856189774741,200.0,0.0,200.0,0.0,1.0,0.0,0.0,0.0,200.0,0.0,0.0,0.0,0.0,1.0,0.0,0.0,0.0,0.0,0.0,0.0,DDOS,ddos.pcap
5.0,200.0,0.0975489616394043,51.25631186606379,2050.2524746425515,5.0,1.0,0.024387240409851074,0.06743929921901767,4.0,1.0,1.0,200.0,1000.0,40000.0,1000.0,1.0,0.0,7.643856189774741,200.0,0.0,200.0,0.0,1.0,0.0,0.0,0.0,200.0,0.0,0.0,0.0,0.0,1.0,0.0,0.0,0.0,0.0,0.0,0.0,DDOS,ddos.pcap
5.0,200.0,0.0975501537322998,51.255685498160844,2050.227419926434,5.0,1.0,0.02438753843307495,0.06562572919568158,4.0,1.0,1.0,200.0,1000.0,40000.0,1000.0,1.0,0.0,7.643856189774741,200.0,0.0,200.0,0.0,1.0,0.0,0.0,0.0,200.0,0.0,0.0,0.0,0.0,1.0,0.0,0.0,0.0,0.0,0.0,0.0,DDOS,ddos.pcap
5.0,200.0,0.09755682945251465,51.25217812079192,2050.0871248316766,5.0,1.0,0.024389207363128662,0.06423712199797778,4.0,1.0,1.0,200.0,1000.0,40000.0,1000.0,1.0,0.0,7.643856189774741,200.0,0.0,200.0,0.0,1.0,0.0,0.0,0.0,200.0,0.0,0.0,0.0,0.0,1.0,0.0,0.0,0.0,0.0,0.0,0.0,DDOS,ddos.pcap
5.0,200.0,0.0975499153137207,51.255810770516725,2050.232430820669,5.0,1.0,0.024387478828430176,0.06413776810732166,4.0,1.0,1.0,200.0,1000.0,40000.0,1000.0,1.0,0.0,7.643856189774741,200.0,0.0,200.0,0.0,1.0,0.0,0.0,0.0,200.0,0.0,0.0,0.0,0.0,1.0,0.0,0.0,0.0,0.0,0.0,0.0,DDOS,ddos.pcap
5.0,200.0,0.09755492210388184,51.253180179629744,2050.1272071851895,5.0,1.0,0.02438873052597046,0.0639532748213709,4.0,1.0,1.0,200.0,1000.0,40000.0,1000.0,1.0,0.0,7.643856189774741,200.0,0.0,200.0,0.0,1.0,0.0,0.0,0.0,200.0,0.0,0.0,0.0,0.0,1.0,0.0,0.0,0.0,0.0,0.0,0.0,DDOS,ddos.pcap
5.0,200.0,0.09757113456726074,51.24466392827733,2049.786557131093,5.0,1.0,0.024392783641815186,0.06390445743380233,4.0,1.0,1.0,200.0,1000.0,40000.0,1000.0,1.0,0.0,7.643856189774741,200.0,0.0,200.0,0.0,1.0,0.0,0.0,0.0,200.0,0.0,0.0,0.0,0.0,1.0,0.0,0.0,0.0,0.0,0.0,0.0,DDOS,ddos.pcap
5.0,200.0,0.09752321243286133,51.26984515037576,2050.7938060150304,5.0,1.0,0.024380803108215332,0.06449331232611138,4.0,1.0,1.0,200.0,1000.0,40000.0,1000.0,1.0,0.0,7.643856189774741,200.0,0.0,200.0,0.0,1.0,0.0,0.0,0.0,200.0,0.0,0.0,0.0,0.0,1.0,0.0,0.0,0.0,0.0,0.0,0.0,DDOS,ddos.pcap
5.0,200.0,0.09752416610717773,51.26934379018497,2050.7737516073985,5.0,1.0,0.024381041526794434,0.06416957259824904,4.0,1.0,1.0,200.0,1000.0,40000.0,1000.0,1.0,0.0,7.643856189774741,200.0,0.0,200.0,0.0,1.0,0.0,0.0,0.0,200.0,0.0,0.0,0.0,0.0,1.0,0.0,0.0,0.0,0.0,0.0,0.0,DDOS,ddos.pcap
5.0,200.0,0.09753298759460449,51.2647066732179,2050.588266928716,5.0,1.0,0.024383246898651123,0.06406381948094667,4.0,1.0,1.0,200.0,1000.0,40000.0,1000.0,1.0,0.0,7.643856189774741,200.0,0.0,200.0,0.0,1.0,0.0,0.0,0.0,200.0,0.0,0.0,0.0,0.0,1.0,0.0,0.0,0.0,0.0,0.0,0.0,DDOS,ddos.pcap
5.0,200.0,0.09753894805908203,51.26157396091008,2050.462958436403,5.0,1.0,0.024384737014770508,0.06395382043095209,4.0,1.0,1.0,200.0,1000.0,40000.0,1000.0,1.0,0.0,7.643856189774741,200.0,0.0,200.0,0.0,1.0,0.0,0.0,0.0,200.0,0.0,0.0,0.0,0.0,1.0,0.0,0.0,0.0,0.0,0.0,0.0,DDOS,ddos.pcap
5.0,200.0,0.09754180908203125,51.26007039499413,2050.4028157997654,5.0,1.0,0.024385452270507812,0.06397881169880074,4.0,1.0,1.0,200.0,1000.0,40000.0,1000.0,1.0,0.0,7.643856189774741,200.0,0.0,200.0,0.0,1.0,0.0,0.0,0.0,200.0,0.0,0.0,0.0,0.0,1.0,0.0,0.0,0.0,0.0,0.0,0.0,DDOS,ddos.pcap
5.0,200.0,0.09755110740661621,51.25518441486073,2050.207376594429,5.0,1.0,0.024387776851654053,0.06394809084087953,4.0,1.0,1.0,200.0,1000.0,40000.0,1000.0,1.0,0.0,7.643856189774741,200.0,0.0,200.0,0.0,1.0,0.0,0.0,0.0,200.0,0.0,0.0,0.0,0.0,1.0,0.0,0.0,0.0,0.0,0.0,0.0,DDOS,ddos.pcap
5.0,200.0,0.09755206108093262,51.25468334135785,2050.187333654314,5.0,1.0,0.024388015270233154,0.06391505386691618,4.0,1.0,1.0,200.0,1000.0,40000.0,1000.0,1.0,0.0,7.643856189774741,200.0,0.0,200.0,0.0,1.0,0.0,0.0,0.0,200.0,0.0,0.0,0.0,0.0,1.0,0.0,0.0,0.0,0.0,0.0,0.0,DDOS,ddos.pcap
5.0,200.0,0.09755897521972656,51.251050851434044,2050.042034057362,5.0,1.0,0.02438974380493164,0.0639318476621082,4.0,1.0,1.0,200.0,1000.0,40000.0,1000.0,1.0,0.0,7.643856189774741,200.0,0.0,200.0,0.0,1.0,0.0,0.0,0.0,200.0,0.0,0.0,0.0,0.0,1.0,0.0,0.0,0.0,0.0,0.0,0.0,DDOS,ddos.pcap
5.0,200.0,0.09756994247436523,51.245290026830354,2049.811601073214,5.0,1.0,0.02439248561859131,0.06396147659312182,4.0,1.0,1.0,200.0,1000.0,40000.0,1000.0,1.0,0.0,7.643856189774741,200.0,0.0,200.0,0.0,1.0,0.0,0.0,0.0,200.0,0.0,0.0,0.0,0.0,1.0,0.0,0.0,0.0,0.0,0.0,0.0,DDOS,ddos.pcap
5.0,200.0,0.09756684303283691,51.246917954670415,2049.8767181868166,5.0,1.0,0.02439171075820923,0.06359642652652087,4.0,1.0,1.0,200.0,1000.0,40000.0,1000.0,1.0,0.0,7.643856189774741,200.0,0.0,200.0,0.0,1.0,0.0,0.0,0.0,200.0,0.0,0.0,0.0,0.0,1.0,0.0,0.0,0.0,0.0,0.0,0.0,DDOS,ddos.pcap
5.0,200.0,0.09756016731262207,51.25042461210615,2050.0169844842458,5.0,1.0,0.024390041828155518,0.06332495699178728,4.0,1.0,1.0,200.0,1000.0,40000.0,1000.0,1.0,0.0,7.643856189774741,200.0,0.0,200.0,0.0,1.0,0.0,0.0,0.0,200.0,0.0,0.0,0.0,0.0,1.0,0.0,0.0,0.0,0.0,0.0,0.0,DDOS,ddos.pcap
5.0,200.0,0.09755897521972656,51.251050851434044,2050.042034057362,5.0,1.0,0.02438974380493164,0.06327059427201662,4.0,1.0,1.0,200.0,1000.0,40000.0,1000.0,1.0,0.0,7.643856189774741,200.0,0.0,200.0,0.0,1.0,0.0,0.0,0.0,200.0,0.0,0.0,0.0,0.0,1.0,0.0,0.0,0.0,0.0,0.0,0.0,DDOS,ddos.pcap
5.0,200.0,0.09755897521972656,51.251050851434044,2050.042034057362,5.0,1.0,0.02438974380493164,0.06335548162073888,4.0,1.0,1.0,200.0,1000.0,40000.0,1000.0,1.0,0.0,7.643856189774741,200.0,0.0,200.0,0.0,1.0,0.0,0.0,0.0,200.0,0.0,0.0,0.0,0.0,1.0,0.0,0.0,0.0,0.0,0.0,0.0,DDOS,ddos.pcap
5.0,200.0,0.09756016731262207,51.25042461210615,2050.0169844842458,5.0,1.0,0.024390041828155518,0.06311972118699977,4.0,1.0,1.0,200.0,1000.0,40000.0,1000.0,1.0,0.0,7.643856189774741,200.0,0.0,200.0,0.0,1.0,0.0,0.0,0.0,200.0,0.0,0.0,0.0,0.0,1.0,0.0,0.0,0.0,0.0,0.0,0.0,DDOS,ddos.pcap
5.0,200.0,0.09757184982299805,51.24428827648896,2049.771531059558,5.0,1.0,0.02439296245574951,0.06309515095419363,4.0,1.0,1.0,200.0,1000.0,40000.0,1000.0,1.0,0.0,7.643856189774741,200.0,0.0,200.0,0.0,1.0,0.0,0.0,0.0,200.0,0.0,0.0,0.0,0.0,1.0,0.0,0.0,0.0,0.0,0.0,0.0,DDOS,ddos.pcap
5.0,200.0,0.09757304191589355,51.24366220241368,2049.746488096547,5.0,1.0,0.02439326047897339,0.06264454952774166,4.0,1.0,1.0,200.0,1000.0,40000.0,1000.0,1.0,0.0,7.643856189774741,200.0,0.0,200.0,0.0,1.0,0.0,0.0,0.0,200.0,0.0,0.0,0.0,0.0,1.0,0.0,0.0,0.0,0.0,0.0,0.0,DDOS,ddos.pcap
5.0,200.0,0.09755897521972656,51.251050851434044,2050.042034057362,5.0,1.0,0.02438974380493164,0.06260033483308926,4.0,1.0,1.0,200.0,1000.0,40000.0,1000.0,1.0,0.0,7.643856189774741,200.0,0.0,200.0,0.0,1.0,0.0,0.0,0.0,200.0,0.0,0.0,0.0,0.0,1.0,0.0,0.0,0.0,0.0,0.0,0.0,DDOS,ddos.pcap
5.0,200.0,0.09756588935852051,51.247418876352874,2049.896755054115,5.0,1.0,0.024391472339630127,0.06264778010099871,4.0,1.0,1.0,200.0,1000.0,40000.0,1000.0,1.0,0.0,7.643856189774741,200.0,0.0,200.0,0.0,1.0,0.0,0.0,0.0,200.0,0.0,0.0,0.0,0.0,1.0,0.0,0.0,0.0,0.0,0.0,0.0,DDOS,ddos.pcap
5.0,200.0,0.09756803512573242,51.246291816338,2049.85167265352,5.0,1.0,0.024392008781433105,0.06276223658755108,4.0,1.0,1.0,200.0,1000.0,40000.0,1000.0,1.0,0.0,7.643856189774741,200.0,0.0,200.0,0.0,1.0,0.0,0.0,0.0,200.0,0.0,0.0,0.0,0.0,1.0,0.0,0.0,0.0,0.0,0.0,0.0,DDOS,ddos.pcap
5.0,200.0,0.09756898880004883,51.24579091668825,2049.83163666753,5.0,1.0,0.024392247200012207,0.06278083386775019,4.0,1.0,1.0,200.0,1000.0,40000.0,1000.0,1.0,0.0,7.643856189774741,200.0,0.0,200.0,0.0,1.0,0.0,0.0,0.0,200.0,0.0,0.0,0.0,0.0,1.0,0.0,0.0,0.0,0.0,0.0,0.0,DDOS,ddos.pcap
5.0,200.0,0.09756684303283691,51.246917954670415,2049.8767181868166,5.0,1.0,0.02439171075820923,0.06268673008168082,4.0,1.0,1.0,200.0,1000.0,40000.0,1000.0,1.0,0.0,7.643856189774741,200.0,0.0,200.0,0.0,1.0,0.0,0.0,0.0,200.0,0.0,0.0,0.0,0.0,1.0,0.0,0.0,0.0,0.0,0.0,0.0,DDOS,ddos.pcap
5.0,200.0,0.09756708145141602,51.24679272577988,2049.8717090311957,5.0,1.0,0.024391770362854004,0.06277660299861233,4.0,1.0,1.0,200.0,1000.0,40000.0,1000.0,1.0,0.0,7.643856189774741,200.0,0.0,200.0,0.0,1.0,0.0,0.0,0.0,200.0,0.0,0.0,0.0,0.0,1.0,0.0,0.0,0.0,0.0,0.0,0.0,DDOS,ddos.pcap
5.0,200.0,0.09756708145141602,51.24679272577988,2049.8717090311957,5.0,1.0,0.024391770362854004,0.06277733732732851,4.0,1.0,1.0,200.0,1000.0,40000.0,1000.0,1.0,0.0,7.643856189774741,200.0,0.0,200.0,0.0,1.0,0.0,0.0,0.0,200.0,0.0,0.0,0.0,0.0,1.0,0.0,0.0,0.0,0.0,0.0,0.0,DDOS,ddos.pcap
5.0,200.0,0.09757113456726074,51.24466392827733,2049.786557131093,5.0,1.0,0.024392783641815186,0.0629231439495794,4.0,1.0,1.0,200.0,1000.0,40000.0,1000.0,1.0,0.0,7.643856189774741,200.0,0.0,200.0,0.0,1.0,0.0,0.0,0.0,200.0,0.0,0.0,0.0,0.0,1.0,0.0,0.0,0.0,0.0,0.0,0.0,DDOS,ddos.pcap
5.0,200.0,0.09757494926452637,51.242660515712544,2049.7064206285017,5.0,1.0,0.024393737316131592,0.06289416218843533,4.0,1.0,1.0,200.0,1000.0,40000.0,1000.0,1.0,0.0,7.643856189774741,200.0,0.0,200.0,0.0,1.0,0.0,0.0,0.0,200.0,0.0,0.0,0.0,0.0,1.0,0.0,0.0,0.0,0.0,0.0,0.0,DDOS,ddos.pcap
5.0,200.0,0.0975790023803711,51.24053206149396,2049.6212824597583,5.0,1.0,0.024394750595092773,0.06289449751083648,4.0,1.0,1.0,200.0,1000.0,40000.0,1000.0,1.0,0.0,7.643856189774741,200.0,0.0,200.0,0.0,1.0,0.0,0.0,0.0,200.0,0.0,0.0,0.0,0.0,1.0,0.0,0.0,0.0,0.0,0.0,0.0,DDOS,ddos.pcap
5.0,200.0,0.0975790023803711,51.24053206149396,2049.6212824597583,5.0,1.0,0.024394750595092773,0.0629544325492214,4.0,1.0,1.0,200.0,1000.0,40000.0,1000.0,1.0,0.0,7.643856189774741,200.0,0.0,200.0,0.0,1.0,0.0,0.0,0.0,200.0,0.0,0.0,0.0,0.0,1.0,0.0,0.0,0.0,0.0,0.0,0.0,DDOS,ddos.pcap
5.0,200.0,0.09790492057800293,51.069956141952986,2042.7982456781194,5.0,1.0,0.024476230144500732,0.06614053370679417,4.0,1.0,1.0,200.0,1000.0,40000.0,1000.0,1.0,0.0,7.643856189774741,200.0,0.0,200.0,0.0,1.0,0.0,0.0,0.0,200.0,0.0,0.0,0.0,0.0,1.0,0.0,0.0,0.0,0.0,0.0,0.0,DDOS,ddos.pcap
5.0,200.0,0.09805488586425781,50.99184967612675,2039.67398704507,5.0,1.0,0.024513721466064453,0.06782050919626742,4.0,1.0,1.0,200.0,1000.0,40000.0,1000.0,1.0,0.0,7.643856189774741,200.0,0.0,200.0,0.0,1.0,0.0,0.0,0.0,200.0,0.0,0.0,0.0,0.0,1.0,0.0,0.0,0.0,0.0,0.0,0.0,DDOS,ddos.pcap
5.0,200.0,0.09811210632324219,50.96211046093431,2038.4844184373724,5.0,1.0,0.024528026580810547,0.06778954214012799,4.0,1.0,1.0,200.0,1000.0,40000.0,1000.0,1.0,0.0,7.643856189774741,200.0,0.0,200.0,0.0,1.0,0.0,0.0,0.0,200.0,0.0,0.0,0.0,0.0,1.0,0.0,0.0,0.0,0.0,0.0,0.0,DDOS,ddos.pcap
5.0,200.0,0.09822416305541992,50.90397153273687,2036.1588613094748,5.0,1.0,0.02455604076385498,0.06852387079940635,4.0,1.0,1.0,200.0,1000.0,40000.0,1000.0,1.0,0.0,7.643856189774741,200.0,0.0,200.0,0.0,1.0,0.0,0.0,0.0,200.0,0.0,0.0,0.0,0.0,1.0,0.0,0.0,0.0,0.0,0.0,0.0,DDOS,ddos.pcap
5.0,200.0,0.09825396537780762,50.88853137655997,2035.541255062399,5.0,1.0,0.024563491344451904,0.06901884794609116,4.0,1.0,1.0,200.0,1000.0,40000.0,1000.0,1.0,0.0,7.643856189774741,200.0,0.0,200.0,0.0,1.0,0.0,0.0,0.0,200.0,0.0,0.0,0.0,0.0,1.0,0.0,0.0,0.0,0.0,0.0,0.0,DDOS,ddos.pcap
5.0,200.0,0.09817194938659668,50.93104528575904,2037.2418114303616,5.0,1.0,0.02454298734664917,0.0702301131860267,4.0,1.0,1.0,200.0,1000.0,40000.0,1000.0,1.0,0.0,7.643856189774741,200.0,0.0,200.0,0.0,1.0,0.0,0.0,0.0,200.0,0.0,0.0,0.0,0.0,1.0,0.0,0.0,0.0,0.0,0.0,0.0,DDOS,ddos.pcap
5.0,200.0,0.09811997413635254,50.9580240313939,2038.3209612557557,5.0,1.0,0.024529993534088135,0.07114872248150539,4.0,1.0,1.0,200.0,1000.0,40000.0,1000.0,1.0,0.0,7.643856189774741,200.0,0.0,200.0,0.0,1.0,0.0,0.0,0.0,200.0,0.0,0.0,0.0,0.0,1.0,0.0,0.0,0.0,0.0,0.0,0.0,DDOS,ddos.pcap
5.0,200.0,0.09810590744018555,50.965330533724114,2038.6132213489645,5.0,1.0,0.024526476860046387,0.07170928441221845,4.0,1.0,1.0,200.0,1000.0,40000.0,1000.0,1.0,0.0,7.643856189774741,200.0,0.0,200.0,0.0,1.0,0.0,0.0,0.0,200.0,0.0,0.0,0.0,0.0,1.0,0.0,0.0,0.0,0.0,0.0,0.0,DDOS,ddos.pcap
5.0,200.0,0.0980989933013916,50.96892263347081,2038.7569053388324,5.0,1.0,0.0245247483253479,0.0720023545528928,4.0,1.0,1.0,200.0,1000.0,40000.0,1000.0,1.0,0.0,7.643856189774741,200.0,0.0,200.0,0.0,1.0,0.0,0.0,0.0,200.0,0.0,0.0,0.0,0.0,1.0,0.0,0.0,0.0,0.0,0.0,0.0,DDOS,ddos.pcap
5.0,200.0,0.09810304641723633,50.96681685841633,2038.672674336653,5.0,1.0,0.024525761604309082,0.07220440793928005,4.0,1.0,1.0,200.0,1000.0,40000.0,1000.0,1.0,0.0,7.643856189774741,200.0,0.0,200.0,0.0,1.0,0.0,0.0,0.0,200.0,0.0,0.0,0.0,0.0,1.0,0.0,0.0,0.0,0.0,0.0,0.0,DDOS,ddos.pcap
5.0,200.0,0.09810495376586914,50.965825965655846,2038.6330386262339,5.0,1.0,0.024526238441467285,0.07247944810339861,4.0,1.0,1.0,200.0,1000.0,40000.0,1000.0,1.0,0.0,7.643856189774741,200.0,0.0,200.0,0.0,1.0,0.0,0.0,0.0,200.0,0.0,0.0,0.0,0.0,1.0,0.0,0.0,0.0,0.0,0.0,0.0,DDOS,ddos.pcap
5.0,200.0,0.0980830192565918,50.97722355915312,2039.0889423661247,5.0,1.0,0.02452075481414795,0.07281286128341392,4.0,1.0,1.0,200.0,1000.0,40000.0,1000.0,1.0,0.0,7.643856189774741,200.0,0.0,200.0,0.0,1.0,0.0,0.0,0.0,200.0,0.0,0.0,0.0,0.0,1.0,0.0,0.0,0.0,0.0,0.0,0.0,DDOS,ddos.pcap
5.0,200.0,0.09807491302490234,50.98143700347145,2039.2574801388578,5.0,1.0,0.024518728256225586,0.07301896939267338,4.0,1.0,1.0,200.0,1000.0,40000.0,1000.0,1.0,0.0,7.643856189774741,200.0,0.0,200.0,0.0,1.0,0.0,0.0,0.0,200.0,0.0,0.0,0.0,0.0,1.0,0.0,0.0,0.0,0.0,0.0,0.0,DDOS,ddos.pcap
5.0,200.0,0.09807395935058594,50.98193274859488,2039.277309943795,5.0,1.0,0.024518489837646484,0.07309496718361591,4.0,1.0,1.0,200.0,1000.0,40000.0,1000.0,1.0,0.0,7.643856189774741,200.0,0.0,200.0,0.0,1.0,0.0,0.0,0.0,200.0,0.0,0.0,0.0,0.0,1.0,0.0,0.0,0.0,0.0,0.0,0.0,DDOS,ddos.pcap
5.0,200.0,0.09807395935058594,50.98193274859488,2039.277309943795,5.0,1.0,0.024518489837646484,0.0732573587151356,4.0,1.0,1.0,200.0,1000.0,40000.0,1000.0,1.0,0.0,7.643856189774741,200.0,0.0,200.0,0.0,1.0,0.0,0.0,0.0,200.0,0.0,0.0,0.0,0.0,1.0,0.0,0.0,0.0,0.0,0.0,0.0,DDOS,ddos.pcap
5.0,200.0,0.09807395935058594,50.98193274859488,2039.277309943795,5.0,1.0,0.024518489837646484,0.07346909778430583,4.0,1.0,1.0,200.0,1000.0,40000.0,1000.0,1.0,0.0,7.643856189774741,200.0,0.0,200.0,0.0,1.0,0.0,0.0,0.0,200.0,0.0,0.0,0.0,0.0,1.0,0.0,0.0,0.0,0.0,0.0,0.0,DDOS,ddos.pcap
5.0,200.0,0.0980679988861084,50.98503137406492,2039.4012549625966,5.0,1.0,0.0245169997215271,0.07352262008162389,4.0,1.0,1.0,200.0,1000.0,40000.0,1000.0,1.0,0.0,7.643856189774741,200.0,0.0,200.0,0.0,1.0,0.0,0.0,0.0,200.0,0.0,0.0,0.0,0.0,1.0,0.0,0.0,0.0,0.0,0.0,0.0,DDOS,ddos.pcap
5.0,200.0,0.09808206558227539,50.9777192223362,2039.108768893448,5.0,1.0,0.024520516395568848,0.07373203731471388,4.0,1.0,1.0,200.0,1000.0,40000.0,1000.0,1.0,0.0,7.643856189774741,200.0,0.0,200.0,0.0,1.0,0.0,0.0,0.0,200.0,0.0,0.0,0.0,0.0,1.0,0.0,0.0,0.0,0.0,0.0,0.0,DDOS,ddos.pcap
5.0,200.0,0.09810018539428711,50.968303269803776,2038.7321307921509,5.0,1.0,0.024525046348571777,0.07397245346634207,4.0,1.0,1.0,200.0,1000.0,40000.0,1000.0,1.0,0.0,7.643856189774741,200.0,0.0,200.0,0.0,1.0,0.0,0.0,0.0,200.0,0.0,0.0,0.0,0.0,1.0,0.0,0.0,0.0,0.0,0.0,0.0,DDOS,ddos.pcap
5.0,200.0,0.09810400009155273,50.96632140721983,2038.6528562887931,5.0,1.0,0.024526000022888184,0.07407219597239317,4.0,1.0,1.0,200.0,1000.0,40000.0,1000.0,1.0,0.0,7.643856189774741,200.0,0.0,200.0,0.0,1.0,0.0,0.0,0.0,200.0,0.0,0.0,0.0,0.0,1.0,0.0,0.0,0.0,0.0,0.0,0.0,DDOS,ddos.pcap
5.0,200.0,0.09810495376586914,50.965825965655846,2038.6330386262339,5.0,1.0,0.024526238441467285,0.07423844449685736,4.0,1.0,1.0,200.0,1000.0,40000.0,1000.0,1.0,0.0,7.643856189774741,200.0,0.0,200.0,0.0,1.0,0.0,0.0,0.0,200.0,0.0,0.0,0.0,0.0,1.0,0.0,0.0,0.0,0.0,0.0,0.0,DDOS,ddos.pcap
5.0,200.0,0.09810709953308105,50.96471125735435,2038.5884502941742,5.0,1.0,0.024526774883270264,0.07420664468910543,4.0,1.0,1.0,200.0,1000.0,40000.0,1000.0,1.0,0.0,7.643856189774741,200.0,0.0,200.0,0.0,1.0,0.0,0.0,0.0,200.0,0.0,0.0,0.0,0.0,1.0,0.0,0.0,0.0,0.0,0.0,0.0,DDOS,ddos.pcap
5.0,200.0,0.09811806678771973,50.959014620799586,2038.3605848319835,5.0,1.0,0.02452951669692993,0.07437812997616224,4.0,1.0,1.0,200.0,1000.0,40000.0,1000.0,1.0,0.0,7.643856189774741,200.0,0.0,200.0,0.0,1.0,0.0,0.0,0.0,200.0,0.0,0.0,0.0,0.0,1.0,0.0,0.0,0.0,0.0,0.0,0.0,DDOS,ddos.pcap
5.0,200.0,0.09811806678771973,50.959014620799586,2038.3605848319835,5.0,1.0,0.02452951669692993,0.07436963913590702,4.0,1.0,1.0,200.0,1000.0,40000.0,1000.0,1.0,0.0,7.643856189774741,200.0,0.0,200.0,0.0,1.0,0.0,0.0,0.0,200.0,0.0,0.0,0.0,0.0,1.0,0.0,0.0,0.0,0.0,0.0,0.0,DDOS,ddos.pcap
5.0,200.0,0.09811806678771973,50.959014620799586,2038.3605848319835,5.0,1.0,0.02452951669692993,0.07443005804073984,4.0,1.0,1.0,200.0,1000.0,40000.0,1000.0,1.0,0.0,7.643856189774741,200.0,0.0,200.0,0.0,1.0,0.0,0.0,0.0,200.0,0.0,0.0,0.0,0.0,1.0,0.0,0.0,0.0,0.0,0.0,0.0,DDOS,ddos.pcap
5.0,200.0,0.09811210632324219,50.96211046093431,2038.4844184373724,5.0,1.0,0.024528026580810547,0.07448809068146812,4.0,1.0,1.0,200.0,1000.0,40000.0,1000.0,1.0,0.0,7.643856189774741,200.0,0.0,200.0,0.0,1.0,0.0,0.0,0.0,200.0,0.0,0.0,0.0,0.0,1.0,0.0,0.0,0.0,0.0,0.0,0.0,DDOS,ddos.pcap
5.0,200.0,0.0981130599975586,50.96161510123543,2038.4646040494172,5.0,1.0,0.02452826499938965,0.07461358000237439,4.0,1.0,1.0,200.0,1000.0,40000.0,1000.0,1.0,0.0,7.643856189774741,200.0,0.0,200.0,0.0,1.0,0.0,0.0,0.0,200.0,0.0,0.0,0.0,0.0,1.0,0.0,0.0,0.0,0.0,0.0,0.0,DDOS,ddos.pcap
5.0,200.0,0.09811902046203613,50.958519321282694,2038.3407728513077,5.0,1.0,0.024529755115509033,0.07463053376588753,4.0,1.0,1.0,200.0,1000.0,40000.0,1000.0,1.0,0.0,7.643856189774741,200.0,0.0,200.0,0.0,1.0,0.0,0.0,0.0,200.0,0.0,0.0,0.0,0.0,1.0,0.0,0.0,0.0,0.0,0.0,0.0,DDOS,ddos.pcap
5.0,200.0,0.09812402725219727,50.95591915677346,2038.2367662709385,5.0,1.0,0.024531006813049316,0.07453550541469664,4.0,1.0,1.0,200.0,1000.0,40000.0,1000.0,1.0,0.0,7.643856189774741,200.0,0.0,200.0,0.0,1.0,0.0,0.0,0.0,200.0,0.0,0.0,0.0,0.0,1.0,0.0,0.0,0.0,0.0,0.0,0.0,DDOS,ddos.pcap
5.0,200.0,0.09812402725219727,50.95591915677346,2038.2367662709385,5.0,1.0,0.024531006813049316,0.07446129635951441,4.0,1.0,1.0,200.0,1000.0,40000.0,1000.0,1.0,0.0,7.643856189774741,200.0,0.0,200.0,0.0,1.0,0.0,0.0,0.0,200.0,0.0,0.0,0.0,0.0,1.0,0.0,0.0,0.0,0.0,0.0,0.0,DDOS,ddos.pcap
5.0,200.0,0.09801101684570312,51.014673257307436,2040.5869302922974,5.0,1.0,0.02450275421142578,0.07551256374763117,4.0,1.0,1.0,200.0,1000.0,40000.0,1000.0,1.0,0.0,7.643856189774741,200.0,0.0,200.0,0.0,1.0,0.0,0.0,0.0,200.0,0.0,0.0,0.0,0.0,1.0,0.0,0.0,0.0,0.0,0.0,0.0,DDOS,ddos.pcap
5.0,200.0,0.09790611267089844,51.069334320391185,2042.7733728156475,5.0,1.0,0.02447652816772461,0.07667169384809765,4.0,1.0,1.0,200.0,1000.0,40000.0,1000.0,1.0,0.0,7.643856189774741,200.0,0.0,200.0,0.0,1.0,0.0,0.0,0.0,200.0,0.0,0.0,0.0,0.0,1.0,0.0,0.0,0.0,0.0,0.0,0.0,DDOS,ddos.pcap
5.0,200.0,0.09785294532775879,51.09708229274533,2043.883291709813,5.0,1.0,0.024463236331939697,0.07670190307954262,4.0,1.0,1.0,200.0,1000.0,40000.0,1000.0,1.0,0.0,7.643856189774741,200.0,0.0,200.0,0.0,1.0,0.0,0.0,0.0,200.0,0.0,0.0,0.0,0.0,1.0,0.0,0.0,0.0,0.0,0.0,0.0,DDOS,ddos.pcap
5.0,200.0,0.09782004356384277,51.11426879233317,2044.5707516933269,5.0,1.0,0.024455010890960693,0.07474657458765996,4.0,1.0,1.0,200.0,1000.0,40000.0,1000.0,1.0,0.0,7.643856189774741,200.0,0.0,200.0,0.0,1.0,0.0,0.0,0.0,200.0,0.0,0.0,0.0,0.0,1.0,0.0,0.0,0.0,0.0,0.0,0.0,DDOS,ddos.pcap
5.0,200.0,0.0977940559387207,51.12785181067731,2045.1140724270927,5.0,1.0,0.024448513984680176,0.07327211818812962,4.0,1.0,1.0,200.0,1000.0,40000.0,1000.0,1.0,0.0,7.643856189774741,200.0,0.0,200.0,0.0,1.0,0.0,0.0,0.0,200.0,0.0,0.0,0.0,0.0,1.0,0.0,0.0,0.0,0.0,0.0,0.0,DDOS,ddos.pcap
5.0,200.0,0.09775996208190918,51.1456826856244,2045.827307424976,5.0,1.0,0.024439990520477295,0.07308024997903165,4.0,1.0,1.0,200.0,1000.0,40000.0,1000.0,1.0,0.0,7.643856189774741,200.0,0.0,200.0,0.0,1.0,0.0,0.0,0.0,200.0,0.0,0.0,0.0,0.0,1.0,0.0,0.0,0.0,0.0,0.0,0.0,DDOS,ddos.pcap
5.0,200.0,0.09777688980102539,51.13682803958001,2045.4731215832005,5.0,1.0,0.024444222450256348,0.073671635398839,4.0,1.0,1.0,200.0,1000.0,40000.0,1000.0,1.0,0.0,7.643856189774741,200.0,0.0,200.0,0.0,1.0,0.0,0.0,0.0,200.0,0.0,0.0,0.0,0.0,1.0,0.0,0.0,0.0,0.0,0.0,0.0,DDOS,ddos.pcap
5.0,200.0,0.09793305397033691,51.05528519017141,2042.2114076068565,5.0,1.0,0.02448326349258423,0.0754925193907933,4.0,1.0,1.0,200.0,1000.0,40000.0,1000.0,1.0,0.0,7.643856189774741,200.0,0.0,200.0,0.0,1.0,0.0,0.0,0.0,200.0,0.0,0.0,0.0,0.0,1.0,0.0,0.0,0.0,0.0,0.0,0.0,DDOS,ddos.pcap
5.0,200.0,0.09801793098449707,51.011074706227184,2040.4429882490872,5.0,1.0,0.024504482746124268,0.07664170768651855,4.0,1.0,1.0,200.0,1000.0,40000.0,1000.0,1.0,0.0,7.643856189774741,200.0,0.0,200.0,0.0,1.0,0.0,0.0,0.0,200.0,0.0,0.0,0.0,0.0,1.0,0.0,0.0,0.0,0.0,0.0,0.0,DDOS,ddos.pcap
5.0,200.0,0.09807586669921875,50.98094126798911,2039.2376507195643,5.0,1.0,0.024518966674804688,0.07758886771157497,4.0,1.0,1.0,200.0,1000.0,40000.0,1000.0,1.0,0.0,7.643856189774741,200.0,0.0,200.0,0.0,1.0,0.0,0.0,0.0,200.0,0.0,0.0,0.0,0.0,1.0,0.0,0.0,0.0,0.0,0.0,0.0,DDOS,ddos.pcap
5.0,200.0,0.09811615943908691,50.9600052487188,2038.400209948752,5.0,1.0,0.02452903985977173,0.07851795918683638,4.0,1.0,1.0,200.0,1000.0,40000.0,1000.0,1.0,0.0,7.643856189774741,200.0,0.0,200.0,0.0,1.0,0.0,0.0,0.0,200.0,0.0,0.0,0.0,0.0,1.0,0.0,0.0,0.0,0.0,0.0,0.0,DDOS,ddos.pcap
5.0,200.0,0.09813690185546875,50.94923423773614,2037.9693695094456,5.0,1.0,0.024534225463867188,0.07910362196896763,4.0,1.0,1.0,200.0,1000.0,40000.0,1000.0,1.0,0.0,7.643856189774741,200.0,0.0,200.0,0.0,1.0,0.0,0.0,0.0,200.0,0.0,0.0,0.0,0.0,1.0,0.0,0.0,0.0,0.0,0.0,0.0,DDOS,ddos.pcap
5.0,200.0,0.09812498092651367,50.95542391742758,2038.2169566971033,5.0,1.0,0.024531245231628418,0.07950960092042399,4.0,1.0,1.0,200.0,1000.0,40000.0,1000.0,1.0,0.0,7.643856189774741,200.0,0.0,200.0,0.0,1.0,0.0,0.0,0.0,200.0,0.0,0.0,0.0,0.0,1.0,0.0,0.0,0.0,0.0,0.0,0.0,DDOS,ddos.pcap
5.0,200.0,0.09811592102050781,50.9601290799168,2038.405163196672,5.0,1.0,0.024528980255126953,0.0798446299377797,4.0,1.0,1.0,200.0,1000.0,40000.0,1000.0,1.0,0.0,7.643856189774741,200.0,0.0,200.0,0.0,1.0,0.0,0.0,0.0,200.0,0.0,0.0,0.0,0.0,1.0,0.0,0.0,0.0,0.0,0.0,0.0,DDOS,ddos.pcap
5.0,200.0,0.09812283515930176,50.95653821949329,2038.2615287797316,5.0,1.0,0.02453070878982544,0.07977487370310676,4.0,1.0,1.0,200.0,1000.0,40000.0,1000.0,1.0,0.0,7.643856189774741,200.0,0.0,200.0,0.0,1.0,0.0,0.0,0.0,200.0,0.0,0.0,0.0,0.0,1.0,0.0,0.0,0.0,0.0,0.0,0.0,DDOS,ddos.pcap
5.0,200.0,0.09813284873962402,50.9513385601034,2038.0535424041361,5.0,1.0,0.024533212184906006,0.07983697754519299,4.0,1.0,1.0,200.0,1000.0,40000.0,1000.0,1.0,0.0,7.643856189774741,200.0,0.0,200.0,0.0,1.0,0.0,0.0,0.0,200.0,0.0,0.0,0.0,0.0,1.0,0.0,0.0,0.0,0.0,0.0,0.0,DDOS,ddos.pcap
5.0,200.0,0.09813785552978516,50.94873912832224,2037.9495651328896,5.0,1.0,0.02453446388244629,0.0799261557885809,4.0,1.0,1.0,200.0,1000.0,40000.0,1000.0,1.0,0.0,7.643856189774741,200.0,0.0,200.0,0.0,1.0,0.0,0.0,0.0,200.0,0.0,0.0,0.0,0.0,1.0,0.0,0.0,0.0,0.0,0.0,0.0,DDOS,ddos.pcap
5.0,200.0,0.09818005561828613,50.926840166392665,2037.0736066557065,5.0,1.0,0.024545013904571533,0.08061673730023632,4.0,1.0,1.0,200.0,1000.0,40000.0,1000.0,1.0,0.0,7.643856189774741,200.0,0.0,200.0,0.0,1.0,0.0,0.0,0.0,200.0,0.0,0.0,0.0,0.0,1.0,0.0,0.0,0.0,0.0,0.0,0.0,DDOS,ddos.pcap
5.0,200.0,0.09818315505981445,50.92523251013817,2037.0093004055268,5.0,1.0,0.024545788764953613,0.08171668821794636,4.0,1.0,1.0,200.0,1000.0,40000.0,1000.0,1.0,0.0,7.643856189774741,200.0,0.0,200.0,0.0,1.0,0.0,0.0,0.0,200.0,0.0,0.0,0.0,0.0,1.0,0.0,0.0,0.0,0.0,0.0,0.0,DDOS,ddos.pcap
5.0,200.0,0.09819197654724121,50.920657428608195,2036.8262971443278,5.0,1.0,0.024547994136810303,0.08232048308983284,4.0,1.0,1.0,200.0,1000.0,40000.0,1000.0,1.0,0.0,7.643856189774741,200.0,0.0,200.0,0.0,1.0,0.0,0.0,0.0,200.0,0.0,0.0,0.0,0.0,1.0,0.0,0.0,0.0,0.0,0.0,0.0,DDOS,ddos.pcap
5.0,200.0,0.09819483757019043,50.91917379491525,2036.76695179661,5.0,1.0,0.024548709392547607,0.0826086159590679,4.0,1.0,1.0,200.0,1000.0,40000.0,1000.0,1.0,0.0,7.643856189774741,200.0,0.0,200.0,0.0,1.0,0.0,0.0,0.0,200.0,0.0,0.0,0.0,0.0,1.0,0.0,0.0,0.0,0.0,0.0,0.0,DDOS,ddos.pcap
5.0,200.0,0.09819602966308594,50.91855563972573,2036.7422255890294,5.0,1.0,0.024549007415771484,0.08263459345049119,4.0,1.0,1.0,200.0,1000.0,40000.0,1000.0,1.0,0.0,7.643856189774741,200.0,0.0,200.0,0.0,1.0,0.0,0.0,0.0,200.0,0.0,0.0,0.0,0.0,1.0,0.0,0.0,0.0,0.0,0.0,0.0,DDOS,ddos.pcap
5.0,200.0,0.09819388389587402,50.919668329873375,2036.786733194935,5.0,1.0,0.024548470973968506,0.08293550611886187,4.0,1.0,1.0,200.0,1000.0,40000.0,1000.0,1.0,0.0,7.643856189774741,200.0,0.0,200.0,0.0,1.0,0.0,0.0,0.0,200.0,0.0,0.0,0.0,0.0,1.0,0.0,0.0,0.0,0.0,0.0,0.0,DDOS,ddos.pcap
5.0,200.0,0.09824681282043457,50.892236159746844,2035.6894463898736,5.0,1.0,0.024561703205108643,0.08345918771320822,4.0,1.0,1.0,200.0,1000.0,40000.0,1000.0,1.0,0.0,7.643856189774741,200.0,0.0,200.0,0.0,1.0,0.0,0.0,0.0,200.0,0.0,0.0,0.0,0.0,1.0,0.0,0.0,0.0,0.0,0.0,0.0,DDOS,ddos.pcap
5.0,200.0,0.09843802452087402,50.793380142850566,2031.7352057140226,5.0,1.0,0.024609506130218506,0.0848007899794458,4.0,1.0,1.0,200.0,1000.0,40000.0,1000.0,1.0,0.0,7.643856189774741,200.0,0.0,200.0,0.0,1.0,0.0,0.0,0.0,200.0,0.0,0.0,0.0,0.0,1.0,0.0,0.0,0.0,0.0,0.0,0.0,DDOS,ddos.pcap
5.0,200.0,0.09855794906616211,50.73157515324809,2029.2630061299235,5.0,1.0,0.024639487266540527,0.08577814397223103,4.0,1.0,1.0,200.0,1000.0,40000.0,1000.0,1.0,0.0,7.643856189774741,200.0,0.0,200.0,0.0,1.0,0.0,0.0,0.0,200.0,0.0,0.0,0.0,0.0,1.0,0.0,0.0,0.0,0.0,0.0,0.0,DDOS,ddos.pcap
5.0,200.0,0.09859800338745117,50.71096602587353,2028.4386410349414,5.0,1.0,0.024649500846862793,0.08602342346612933,4.0,1.0,1.0,200.0,1000.0,40000.0,1000.0,1.0,0.0,7.643856189774741,200.0,0.0,200.0,0.0,1.0,0.0,0.0,0.0,200.0,0.0,0.0,0.0,0.0,1.0,0.0,0.0,0.0,0.0,0.0,0.0,DDOS,ddos.pcap
5.0,200.0,0.09861302375793457,50.70324191937874,2028.1296767751496,5.0,1.0,0.024653255939483643,0.08613284492215485,4.0,1.0,1.0,200.0,1000.0,40000.0,1000.0,1.0,0.0,7.643856189774741,200.0,0.0,200.0,0.0,1.0,0.0,0.0,0.0,200.0,0.0,0.0,0.0,0.0,1.0,0.0,0.0,0.0,0.0,0.0,0.0,DDOS,ddos.pcap
5.0,200.0,0.09861207008361816,50.703732268881964,2028.1492907552786,5.0,1.0,0.02465301752090454,0.0862847552956419,4.0,1.0,1.0,200.0,1000.0,40000.0,1000.0,1.0,0.0,7.643856189774741,200.0,0.0,200.0,0.0,1.0,0.0,0.0,0.0,200.0,0.0,0.0,0.0,0.0,1.0,0.0,0.0,0.0,0.0,0.0,0.0,DDOS,ddos.pcap
5.0,200.0,0.09861612319946289,50.701648348991604,2028.065933959664,5.0,1.0,0.024654030799865723,0.08652813438298339,4.0,1.0,1.0,200.0,1000.0,40000.0,1000.0,1.0,0.0,7.643856189774741,200.0,0.0,200.0,0.0,1.0,0.0,0.0,0.0,200.0,0.0,0.0,0.0,0.0,1.0,0.0,0.0,0.0,0.0,0.0,0.0,DDOS,ddos.pcap
5.0,200.0,0.09862709045410156,50.69601036570036,2027.8404146280145,5.0,1.0,0.02465677261352539,0.08655632941061552,4.0,1.0,1.0,200.0,1000.0,40000.0,1000.0,1.0,0.0,7.643856189774741,200.0,0.0,200.0,0.0,1.0,0.0,0.0,0.0,200.0,0.0,0.0,0.0,0.0,1.0,0.0,0.0,0.0,0.0,0.0,0.0,DDOS,ddos.pcap
5.0,200.0,0.09862995147705078,50.694539793658926,2027.7815917463572,5.0,1.0,0.024657487869262695,0.08646312370720555,4.0,1.0,1.0,200.0,1000.0,40000.0,1000.0,1.0,0.0,7.643856189774741,200.0,0.0,200.0,0.0,1.0,0.0,0.0,0.0,200.0,0.0,0.0,0.0,0.0,1.0,0.0,0.0,0.0,0.0,0.0,0.0,DDOS,ddos.pcap
5.0,200.0,0.09857797622680664,50.72126849607948,2028.8507398431793,5.0,1.0,0.02464449405670166,0.08692787366993762,4.0,1.0,1.0,200.0,1000.0,40000.0,1000.0,1.0,0.0,7.643856189774741,200.0,0.0,200.0,0.0,1.0,0.0,0.0,0.0,200.0,0.0,0.0,0.0,0.0,1.0,0.0,0.0,0.0,0.0,0.0,0.0,DDOS,ddos.pcap
5.0,200.0,0.09841609001159668,50.804700729431886,2032.1880291772754,5.0,1.0,0.02460402250289917,0.08847549082096436,4.0,1.0,1.0,200.0,1000.0,40000.0,1000.0,1.0,0.0,7.643856189774741,200.0,0.0,200.0,0.0,1.0,0.0,0.0,0.0,200.0,0.0,0.0,0.0,0.0,1.0,0.0,0.0,0.0,0.0,0.0,0.0,DDOS,ddos.pcap
5.0,200.0,0.09838485717773438,50.82082897134659,2032.8331588538638,5.0,1.0,0.024596214294433594,0.08922121967581638,4.0,1.0,1.0,200.0,1000.0,40000.0,1000.0,1.0,0.0,7.643856189774741,200.0,0.0,200.0,0.0,1.0,0.0,0.0,0.0,200.0,0.0,0.0,0.0,0.0,1.0,0.0,0.0,0.0,0.0,0.0,0.0,DDOS,ddos.pcap
5.0,200.0,0.09836602210998535,50.83056011362727,2033.222404545091,5.0,1.0,0.024591505527496338,0.08957967937798862,4.0,1.0,1.0,200.0,1000.0,40000.0,1000.0,1.0,0.0,7.643856189774741,200.0,0.0,200.0,0.0,1.0,0.0,0.0,0.0,200.0,0.0,0.0,0.0,0.0,1.0,0.0,0.0,0.0,0.0,0.0,0.0,DDOS,ddos.pcap
5.0,200.0,0.09836101531982422,50.83314749997576,2033.3258999990305,5.0,1.0,0.024590253829956055,0.08984939520830286,4.0,1.0,1.0,200.0,1000.0,40000.0,1000.0,1.0,0.0,7.643856189774741,200.0,0.0,200.0,0.0,1.0,0.0,0.0,0.0,200.0,0.0,0.0,0.0,0.0,1.0,0.0,0.0,0.0,0.0,0.0,0.0,DDOS,ddos.pcap
5.0,200.0,0.09836506843566895,50.83105292881502,2033.242117152601,5.0,1.0,0.024591267108917236,0.08997462168655865,4.0,1.0,1.0,200.0,1000.0,40000.0,1000.0,1.0,0.0,7.643856189774741,200.0,0.0,200.0,0.0,1.0,0.0,0.0,0.0,200.0,0.0,0.0,0.0,0.0,1.0,0.0,0.0,0.0,0.0,0.0,0.0,DDOS,ddos.pcap
5.0,200.0,0.09836983680725098,50.82858894843102,2033.1435579372408,5.0,1.0,0.024592459201812744,0.0900419396467051,4.0,1.0,1.0,200.0,1000.0,40000.0,1000.0,1.0,0.0,7.643856189774741,200.0,0.0,200.0,0.0,1.0,0.0,0.0,0.0,200.0,0.0,0.0,0.0,0.0,1.0,0.0,0.0,0.0,0.0,0.0,0.0,DDOS,ddos.pcap
5.0,200.0,0.09837102890014648,50.82797299065919,2033.1189196263676,5.0,1.0,0.02459275722503662,0.09001028076582476,4.0,1.0,1.0,200.0,1000.0,40000.0,1000.0,1.0,0.0,7.643856189774741,200.0,0.0,200.0,0.0,1.0,0.0,0.0,0.0,200.0,0.0,0.0,0.0,0.0,1.0,0.0,0.0,0.0,0.0,0.0,0.0,DDOS,ddos.pcap
5.0,200.0,0.09840202331542969,50.81196332693687,2032.4785330774748,5.0,1.0,0.024600505828857422,0.0902691320718979,4.0,1.0,1.0,200.0,1000.0,40000.0,1000.0,1.0,0.0,7.643856189774741,200.0,0.0,200.0,0.0,1.0,0.0,0.0,0.0,200.0,0.0,0.0,0.0,0.0,1.0,0.0,0.0,0.0,0.0,0.0,0.0,DDOS,ddos.pcap
5.0,200.0,0.09842109680175781,50.8021162380574,2032.084649522296,5.0,1.0,0.024605274200439453,0.09045210598408342,4.0,1.0,1.0,200.0,1000.0,40000.0,1000.0,1.0,0.0,7.643856189774741,200.0,0.0,200.0,0.0,1.0,0.0,0.0,0.0,200.0,0.0,0.0,0.0,0.0,1.0,0.0,0.0,0.0,0.0,0.0,0.0,DDOS,ddos.pcap
5.0,200.0,0.09841680526733398,50.80433150027859,2032.1732600111436,5.0,1.0,0.024604201316833496,0.09026038481014932,4.0,1.0,1.0,200.0,1000.0,40000.0,1000.0,1.0,0.0,7.643856189774741,200.0,0.0,200.0,0.0,1.0,0.0,0.0,0.0,200.0,0.0,0.0,0.0,0.0,1.0,0.0,0.0,0.0,0.0,0.0,0.0,DDOS,ddos.pcap
5.0,200.0,0.09841609001159668,50.804700729431886,2032.1880291772754,5.0,1.0,0.02460402250289917,0.09014265514854286,4.0,1.0,1.0,200.0,1000.0,40000.0,1000.0,1.0,0.0,7.643856189774741,200.0,0.0,200.0,0.0,1.0,0.0,0.0,0.0,200.0,0.0,0.0,0.0,0.0,1.0,0.0,0.0,0.0,0.0,0.0,0.0,DDOS,ddos.pcap
5.0,200.0,0.09840703010559082,50.80937809661562,2032.3751238646248,5.0,1.0,0.024601757526397705,0.09020277168738214,4.0,1.0,1.0,200.0,1000.0,40000.0,1000.0,1.0,0.0,7.643856189774741,200.0,0.0,200.0,0.0,1.0,0.0,0.0,0.0,200.0,0.0,0.0,0.0,0.0,1.0,0.0,0.0,0.0,0.0,0.0,0.0,DDOS,ddos.pcap
5.0,200.0,0.09816908836364746,50.93252961134278,2037.3011844537111,5.0,1.0,0.024542272090911865,0.09248163988151015,4.0,1.0,1.0,200.0,1000.0,40000.0,1000.0,1.0,0.0,7.643856189774741,200.0,0.0,200.0,0.0,1.0,0.0,0.0,0.0,200.0,0.0,0.0,0.0,0.0,1.0,0.0,0.0,0.0,0.0,0.0,0.0,DDOS,ddos.pcap
5.0,200.0,0.09809207916259766,50.9725152396045,2038.90060958418,5.0,1.0,0.024523019790649414,0.09322033568909478,4.0,1.0,1.0,200.0,1000.0,40000.0,1000.0,1.0,0.0,7.643856189774741,200.0,0.0,200.0,0.0,1.0,0.0,0.0,0.0,200.0,0.0,0.0,0.0,0.0,1.0,0.0,0.0,0.0,0.0,0.0,0.0,DDOS,ddos.pcap
5.0,200.0,0.09807491302490234,50.98143700347145,2039.2574801388578,5.0,1.0,0.024518728256225586,0.09324849626779058,4.0,1.0,1.0,200.0,1000.0,40000.0,1000.0,1.0,0.0,7.643856189774741,200.0,0.0,200.0,0.0,1.0,0.0,0.0,0.0,200.0,0.0,0.0,0.0,0.0,1.0,0.0,0.0,0.0,0.0,0.0,0.0,DDOS,ddos.pcap
5.0,200.0,0.09806394577026367,50.987138654542804,2039.4855461817122,5.0,1.0,0.024515986442565918,0.09355543966530347,4.0,1.0,1.0,200.0,1000.0,40000.0,1000.0,1.0,0.0,7.643856189774741,200.0,0.0,200.0,0.0,1.0,0.0,0.0,0.0,200.0,0.0,0.0,0.0,0.0,1.0,0.0,0.0,0.0,0.0,0.0,0.0,DDOS,ddos.pcap
5.0,200.0,0.09805512428283691,50.991725690721246,2039.66902762885,5.0,1.0,0.02451378107070923,0.09370874311697486,4.0,1.0,1.0,200.0,1000.0,40000.0,1000.0,1.0,0.0,7.643856189774741,200.0,0.0,200.0,0.0,1.0,0.0,0.0,0.0,200.0,0.0,0.0,0.0,0.0,1.0,0.0,0.0,0.0,0.0,0.0,0.0,DDOS,ddos.pcap
5.0,200.0,0.09804511070251465,50.99693359693214,2039.8773438772855,5.0,1.0,0.024511277675628662,0.09390714240870911,4.0,1.0,1.0,200.0,1000.0,40000.0,1000.0,1.0,0.0,7.643856189774741,200.0,0.0,200.0,0.0,1.0,0.0,0.0,0.0,200.0,0.0,0.0,0.0,0.0,1.0,0.0,0.0,0.0,0.0,0.0,0.0,DDOS,ddos.pcap
5.0,200.0,0.09804201126098633,50.9985457835017,2039.941831340068,5.0,1.0,0.024510502815246582,0.09398279939414178,4.0,1.0,1.0,200.0,1000.0,40000.0,1000.0,1.0,0.0,7.643856189774741,200.0,0.0,200.0,0.0,1.0,0.0,0.0,0.0,200.0,0.0,0.0,0.0,0.0,1.0,0.0,0.0,0.0,0.0,0.0,0.0,DDOS,ddos.pcap
5.0,200.0,0.09806299209594727,50.98763451055905,2039.505380422362,5.0,1.0,0.024515748023986816,0.09416286036202806,4.0,1.0,1.0,200.0,1000.0,40000.0,1000.0,1.0,0.0,7.643856189774741,200.0,0.0,200.0,0.0,1.0,0.0,0.0,0.0,200.0,0.0,0.0,0.0,0.0,1.0,0.0,0.0,0.0,0.0,0.0,0.0,DDOS,ddos.pcap
5.0,200.0,0.0980679988861084,50.98503137406492,2039.4012549625966,5.0,1.0,0.0245169997215271,0.09423861683585162,4.0,1.0,1.0,200.0,1000.0,40000.0,1000.0,1.0,0.0,7.643856189774741,200.0,0.0,200.0,0.0,1.0,0.0,0.0,0.0,200.0,0.0,0.0,0.0,0.0,1.0,0.0,0.0,0.0,0.0,0.0,0.0,DDOS,ddos.pcap
5.0,200.0,0.0980679988861084,50.98503137406492,2039.4012549625966,5.0,1.0,0.0245169997215271,0.09435904122354405,4.0,1.0,1.0,200.0,1000.0,40000.0,1000.0,1.0,0.0,7.643856189774741,200.0,0.0,200.0,0.0,1.0,0.0,0.0,0.0,200.0,0.0,0.0,0.0,0.0,1.0,0.0,0.0,0.0,0.0,0.0,0.0,DDOS,ddos.pcap
5.0,200.0,0.09806609153747559,50.986023013767905,2039.440920550716,5.0,1.0,0.024516522884368896,0.09449358157592296,4.0,1.0,1.0,200.0,1000.0,40000.0,1000.0,1.0,0.0,7.643856189774741,200.0,0.0,200.0,0.0,1.0,0.0,0.0,0.0,200.0,0.0,0.0,0.0,0.0,1.0,0.0,0.0,0.0,0.0,0.0,0.0,DDOS,ddos.pcap
5.0,200.0,0.09806299209594727,50.98763451055905,2039.505380422362,5.0,1.0,0.024515748023986816,0.09456907082768544,4.0,1.0,1.0,200.0,1000.0,40000.0,1000.0,1.0,0.0,7.643856189774741,200.0,0.0,200.0,0.0,1.0,0.0,0.0,0.0,200.0,0.0,0.0,0.0,0.0,1.0,0.0,0.0,0.0,0.0,0.0,0.0,DDOS,ddos.pcap
5.0,200.0,0.09804296493530273,50.99804971523897,2039.9219886095589,5.0,1.0,0.024510741233825684,0.09495204143812457,4.0,1.0,1.0,200.0,1000.0,40000.0,1000.0,1.0,0.0,7.643856189774741,200.0,0.0,200.0,0.0,1.0,0.0,0.0,0.0,200.0,0.0,0.0,0.0,0.0,1.0,0.0,0.0,0.0,0.0,0.0,0.0,DDOS,ddos.pcap
5.0,200.0,0.09803509712219238,51.00214256704338,2040.0857026817353,5.0,1.0,0.024508774280548096,0.09497614025956005,4.0,1.0,1.0,200.0,1000.0,40000.0,1000.0,1.0,0.0,7.643856189774741,200.0,0.0,200.0,0.0,1.0,0.0,0.0,0.0,200.0,0.0,0.0,0.0,0.0,1.0,0.0,0.0,0.0,0.0,0.0,0.0,DDOS,ddos.pcap
5.0,200.0,0.09802699089050293,51.00636013182376,2040.2544052729506,5.0,1.0,0.024506747722625732,0.09506915755170285,4.0,1.0,1.0,200.0,1000.0,40000.0,1000.0,1.0,0.0,7.643856189774741,200.0,0.0,200.0,0.0,1.0,0.0,0.0,0.0,200.0,0.0,0.0,0.0,0.0,1.0,0.0,0.0,0.0,0.0,0.0,0.0,DDOS,ddos.pcap
5.0,200.0,0.09802699089050293,51.00636013182376,2040.2544052729506,5.0,1.0,0.024506747722625732,0.09519355253108565,4.0,1.0,1.0,200.0,1000.0,40000.0,1000.0,1.0,0.0,7.643856189774741,200.0,0.0,200.0,0.0,1.0,0.0,0.0,0.0,200.0,0.0,0.0,0.0,0.0,1.0,0.0,0.0,0.0,0.0,0.0,0.0,DDOS,ddos.pcap
5.0,200.0,0.09802389144897461,51.00797291446751,2040.3189165787003,5.0,1.0,0.024505972862243652,0.0951791170096601,4.0,1.0,1.0,200.0,1000.0,40000.0,1000.0,1.0,0.0,7.643856189774741,200.0,0.0,200.0,0.0,1.0,0.0,0.0,0.0,200.0,0.0,0.0,0.0,0.0,1.0,0.0,0.0,0.0,0.0,0.0,0.0,DDOS,ddos.pcap
5.0,200.0,0.09802007675170898,51.00995801773666,2040.3983207094661,5.0,1.0,0.024505019187927246,0.09531772305914263,4.0,1.0,1.0,200.0,1000.0,40000.0,1000.0,1.0,0.0,7.643856189774741,200.0,0.0,200.0,0.0,1.0,0.0,0.0,0.0,200.0,0.0,0.0,0.0,0.0,1.0,0.0,0.0,0.0,0.0,0.0,0.0,DDOS,ddos.pcap
5.0,200.0,0.09802007675170898,51.00995801773666,2040.3983207094661,5.0,1.0,0.024505019187927246,0.09527236696118391,4.0,1.0,1.0,200.0,1000.0,40000.0,1000.0,1.0,0.0,7.643856189774741,200.0,0.0,200.0,0.0,1.0,0.0,0.0,0.0,200.0,0.0,0.0,0.0,0.0,1.0,0.0,0.0,0.0,0.0,0.0,0.0,DDOS,ddos.pcap
5.0,200.0,0.09802412986755371,51.00784885064321,2040.3139540257282,5.0,1.0,0.024506032466888428,0.09543908283359534,4.0,1.0,1.0,200.0,1000.0,40000.0,1000.0,1.0,0.0,7.643856189774741,200.0,0.0,200.0,0.0,1.0,0.0,0.0,0.0,200.0,0.0,0.0,0.0,0.0,1.0,0.0,0.0,0.0,0.0,0.0,0.0,DDOS,ddos.pcap
5.0,200.0,0.09801888465881348,51.010578394195385,2040.4231357678152,5.0,1.0,0.02450472116470337,0.0955234265167505,4.0,1.0,1.0,200.0,1000.0,40000.0,1000.0,1.0,0.0,7.643856189774741,200.0,0.0,200.0,0.0,1.0,0.0,0.0,0.0,200.0,0.0,0.0,0.0,0.0,1.0,0.0,0.0,0.0,0.0,0.0,0.0,DDOS,ddos.pcap
5.0,200.0,0.09801292419433594,51.01368050285092,2040.5472201140367,5.0,1.0,0.024503231048583984,0.09552018773687321,4.0,1.0,1.0,200.0,1000.0,40000.0,1000.0,1.0,0.0,7.643856189774741,200.0,0.0,200.0,0.0,1.0,0.0,0.0,0.0,200.0,0.0,0.0,0.0,0.0,1.0,0.0,0.0,0.0,0.0,0.0,0.0,DDOS,ddos.pcap
5.0,200.0,0.09801506996154785,51.01256370027122,2040.5025480108488,5.0,1.0,0.024503767490386963,0.08874798456276496,4.0,1.0,1.0,200.0,1000.0,40000.0,1000.0,1.0,0.0,7.643856189774741,200.0,0.0,200.0,0.0,1.0,0.0,0.0,0.0,200.0,0.0,0.0,0.0,0.0,1.0,0.0,0.0,0.0,0.0,0.0,0.0,DDOS,ddos.pcap
5.0,200.0,0.09801197052001953,51.01417687524933,2040.5670750099735,5.0,1.0,0.024502992630004883,0.08231284356337605,4.0,1.0,1.0,200.0,1000.0,40000.0,1000.0,1.0,0.0,7.643856189774741,200.0,0.0,200.0,0.0,1.0,0.0,0.0,0.0,200.0,0.0,0.0,0.0,0.0,1.0,0.0,0.0,0.0,0.0,0.0,0.0,DDOS,ddos.pcap
5.0,200.0,0.09804010391235352,50.99953794897984,2039.9815179591935,5.0,1.0,0.02451002597808838,0.07997584471504758,4.0,1.0,1.0,200.0,1000.0,40000.0,1000.0,1.0,0.0,7.643856189774741,200.0,0.0,200.0,0.0,1.0,0.0,0.0,0.0,200.0,0.0,0.0,0.0,0.0,1.0,0.0,0.0,0.0,0.0,0.0,0.0,DDOS,ddos.pcap
5.0,200.0,0.09801721572875977,51.011446946589025,2040.457877863561,5.0,1.0,0.02450430393218994,0.07894090590568541,4.0,1.0,1.0,200.0,1000.0,40000.0,1000.0,1.0,0.0,7.643856189774741,200.0,0.0,200.0,0.0,1.0,0.0,0.0,0.0,200.0,0.0,0.0,0.0,0.0,1.0,0.0,0.0,0.0,0.0,0.0,0.0,DDOS,ddos.pcap
5.0,200.0,0.09800601005554199,51.0172794216028,2040.691176864112,5.0,1.0,0.024501502513885498,0.07796529116909676,4.0,1.0,1.0,200.0,1000.0,40000.0,1000.0,1.0,0.0,7.643856189774741,200.0,0.0,200.0,0.0,1.0,0.0,0.0,0.0,200.0,0.0,0.0,0.0,0.0,1.0,0.0,0.0,0.0,0.0,0.0,0.0,DDOS,ddos.pcap
5.0,200.0,0.0980069637298584,51.01678298882675,2040.67131955307,5.0,1.0,0.0245017409324646,0.07691224882041044,4.0,1.0,1.0,200.0,1000.0,40000.0,1000.0,1.0,0.0,7.643856189774741,200.0,0.0,200.0,0.0,1.0,0.0,0.0,0.0,200.0,0.0,0.0,0.0,0.0,1.0,0.0,0.0,0.0,0.0,0.0,0.0,DDOS,ddos.pcap
5.0,200.0,0.0980079174041748,51.01628656571185,2040.651462628474,5.0,1.0,0.0245019793510437,0.07571562226124297,4.0,1.0,1.0,200.0,1000.0,40000.0,1000.0,1.0,0.0,7.643856189774741,200.0,0.0,200.0,0.0,1.0,0.0,0.0,0.0,200.0,0.0,0.0,0.0,0.0,1.0,0.0,0.0,0.0,0.0,0.0,0.0,DDOS,ddos.pcap
5.0,200.0,0.09801292419433594,51.01368050285092,2040.5472201140367,5.0,1.0,0.024503231048583984,0.0742336944083019,4.0,1.0,1.0,200.0,1000.0,40000.0,1000.0,1.0,0.0,7.643856189774741,200.0,0.0,200.0,0.0,1.0,0.0,0.0,0.0,200.0,0.0,0.0,0.0,0.0,1.0,0.0,0.0,0.0,0.0,0.0,0.0,DDOS,ddos.pcap
5.0,200.0,0.09800910949707031,51.015666050403816,2040.6266420161526,5.0,1.0,0.024502277374267578,0.0728785592536982,4.0,1.0,1.0,200.0,1000.0,40000.0,1000.0,1.0,0.0,7.643856189774741,200.0,0.0,200.0,0.0,1.0,0.0,0.0,0.0,200.0,0.0,0.0,0.0,0.0,1.0,0.0,0.0,0.0,0.0,0.0,0.0,DDOS,ddos.pcap
5.0,200.0,0.09801077842712402,51.01479735433132,2040.591894173253,5.0,1.0,0.024502694606781006,0.07172725650408053,4.0,1.0,1.0,200.0,1000.0,40000.0,1000.0,1.0,0.0,7.643856189774741,200.0,0.0,200.0,0.0,1.0,0.0,0.0,0.0,200.0,0.0,0.0,0.0,0.0,1.0,0.0,0.0,0.0,0.0,0.0,0.0,DDOS,ddos.pcap
5.0,200.0,0.09801197052001953,51.01417687524933,2040.5670750099735,5.0,1.0,0.024502992630004883,0.07014874218638772,4.0,1.0,1.0,200.0,1000.0,40000.0,1000.0,1.0,0.0,7.643856189774741,200.0,0.0,200.0,0.0,1.0,0.0,0.0,0.0,200.0,0.0,0.0,0.0,0.0,1.0,0.0,0.0,0.0,0.0,0.0,0.0,DDOS,ddos.pcap
5.0,200.0,0.09800410270690918,51.01827231613953,2040.7308926455812,5.0,1.0,0.024501025676727295,0.0686507392618348,4.0,1.0,1.0,200.0,1000.0,40000.0,1000.0,1.0,0.0,7.643856189774741,200.0,0.0,200.0,0.0,1.0,0.0,0.0,0.0,200.0,0.0,0.0,0.0,0.0,1.0,0.0,0.0,0.0,0.0,0.0,0.0,DDOS,ddos.pcap
5.0,200.0,0.09799885749816895,51.02100297540124,2040.8401190160496,5.0,1.0,0.024499714374542236,0.0666534448499415,4.0,1.0,1.0,200.0,1000.0,40000.0,1000.0,1.0,0.0,7.643856189774741,200.0,0.0,200.0,0.0,1.0,0.0,0.0,0.0,200.0,0.0,0.0,0.0,0.0,1.0,0.0,0.0,0.0,0.0,0.0,0.0,DDOS,ddos.pcap
5.0,200.0,0.09799408912658691,51.0234856465791,2040.9394258631637,5.0,1.0,0.02449852228164673,0.0646817309921066,4.0,1.0,1.0,200.0,1000.0,40000.0,1000.0,1.0,0.0,7.643856189774741,200.0,0.0,200.0,0.0,1.0,0.0,0.0,0.0,200.0,0.0,0.0,0.0,0.0,1.0,0.0,0.0,0.0,0.0,0.0,0.0,DDOS,ddos.pcap
5.0,200.0,0.09798693656921387,51.02721010640239,2041.0884042560956,5.0,1.0,0.024496734142303467,0.06284203428844162,4.0,1.0,1.0,200.0,1000.0,40000.0,1000.0,1.0,0.0,7.643856189774741,200.0,0.0,200.0,0.0,1.0,0.0,0.0,0.0,200.0,0.0,0.0,0.0,0.0,1.0,0.0,0.0,0.0,0.0,0.0,0.0,DDOS,ddos.pcap
5.0,200.0,0.09798002243041992,51.03081093445072,2041.2324373780289,5.0,1.0,0.02449500560760498,0.06090620834122332,4.0,1.0,1.0,200.0,1000.0,40000.0,1000.0,1.0,0.0,7.643856189774741,200.0,0.0,200.0,0.0,1.0,0.0,0.0,0.0,200.0,0.0,0.0,0.0,0.0,1.0,0.0,0.0,0.0,0.0,0.0,0.0,DDOS,ddos.pcap
5.0,200.0,0.0979759693145752,51.03292200096851,2041.3168800387405,5.0,1.0,0.0244939923286438,0.05938213122320302,4.0,1.0,1.0,200.0,1000.0,40000.0,1000.0,1.0,0.0,7.643856189774741,200.0,0.0,200.0,0.0,1.0,0.0,0.0,0.0,200.0,0.0,0.0,0.0,0.0,1.0,0.0,0.0,0.0,0.0,0.0,0.0,DDOS,ddos.pcap
5.0,200.0,0.09797215461730957,51.03490904666302,2041.3963618665207,5.0,1.0,0.024493038654327393,0.05794192970080218,4.0,1.0,1.0,200.0,1000.0,40000.0,1000.0,1.0,0.0,7.643856189774741,200.0,0.0,200.0,0.0,1.0,0.0,0.0,0.0,200.0,0.0,0.0,0.0,0.0,1.0,0.0,0.0,0.0,0.0,0.0,0.0,DDOS,ddos.pcap
5.0,200.0,0.09796500205993652,51.038635174436294,2041.5454069774516,5.0,1.0,0.02449125051498413,0.056527458042827154,4.0,1.0,1.0,200.0,1000.0,40000.0,1000.0,1.0,0.0,7.643856189774741,200.0,0.0,200.0,0.0,1.0,0.0,0.0,0.0,200.0,0.0,0.0,0.0,0.0,1.0,0.0,0.0,0.0,0.0,0.0,0.0,DDOS,ddos.pcap
5.0,200.0,0.09806108474731445,50.98862625152566,2039.5450500610264,5.0,1.0,0.024515271186828613,0.05502560451315477,4.0,1.0,1.0,200.0,1000.0,40000.0,1000.0,1.0,0.0,7.643856189774741,200.0,0.0,200.0,0.0,1.0,0.0,0.0,0.0,200.0,0.0,0.0,0.0,0.0,1.0,0.0,0.0,0.0,0.0,0.0,0.0,DDOS,ddos.pcap
5.0,200.0,0.09819793701171875,50.917566622640045,2036.7026649056018,5.0,1.0,0.024549484252929688,0.055468985805561186,4.0,1.0,1.0,200.0,1000.0,40000.0,1000.0,1.0,0.0,7.643856189774741,200.0,0.0,200.0,0.0,1.0,0.0,0.0,0.0,200.0,0.0,0.0,0.0,0.0,1.0,0.0,0.0,0.0,0.0,0.0,0.0,DDOS,ddos.pcap
5.0,200.0,0.09826993942260742,50.88025930796217,2035.2103723184869,5.0,1.0,0.024567484855651855,0.05554884525459688,4.0,1.0,1.0,200.0,1000.0,40000.0,1000.0,1.0,0.0,7.643856189774741,200.0,0.0,200.0,0.0,1.0,0.0,0.0,0.0,200.0,0.0,0.0,0.0,0.0,1.0,0.0,0.0,0.0,0.0,0.0,0.0,DDOS,ddos.pcap
5.0,200.0,0.09830403327941895,50.8626129895202,2034.504519580808,5.0,1.0,0.024576008319854736,0.05558147361062297,4.0,1.0,1.0,200.0,1000.0,40000.0,1000.0,1.0,0.0,7.643856189774741,200.0,0.0,200.0,0.0,1.0,0.0,0.0,0.0,200.0,0.0,0.0,0.0,0.0,1.0,0.0,0.0,0.0,0.0,0.0,0.0,DDOS,ddos.pcap
5.0,200.0,0.09833192825317383,50.84818419431958,2033.927367772783,5.0,1.0,0.024582982063293457,0.05564386131523938,4.0,1.0,1.0,200.0,1000.0,40000.0,1000.0,1.0,0.0,7.643856189774741,200.0,0.0,200.0,0.0,1.0,0.0,0.0,0.0,200.0,0.0,0.0,0.0,0.0,1.0,0.0,0.0,0.0,0.0,0.0,0.0,DDOS,ddos.pcap
5.0,200.0,0.09836316108703613,50.83203858785888,2033.2815435143552,5.0,1.0,0.024590790271759033,0.05592652720593142,4.0,1.0,1.0,200.0,1000.0,40000.0,1000.0,1.0,0.0,7.643856189774741,200.0,0.0,200.0,0.0,1.0,0.0,0.0,0.0,200.0,0.0,0.0,0.0,0.0,1.0,0.0,0.0,0.0,0.0,0.0,0.0,DDOS,ddos.pcap
5.0,200.0,0.09838581085205078,50.820336354383755,2032.8134541753502,5.0,1.0,0.024596452713012695,0.05628951026386576,4.0,1.0,1.0,200.0,1000.0,40000.0,1000.0,1.0,0.0,7.643856189774741,200.0,0.0,200.0,0.0,1.0,0.0,0.0,0.0,200.0,0.0,0.0,0.0,0.0,1.0,0.0,0.0,0.0,0.0,0.0,0.0,DDOS,ddos.pcap
5.0,200.0,0.09833502769470215,50.846581500168504,2033.8632600067403,5.0,1.0,0.024583756923675537,0.057766880003275116,4.0,1.0,1.0,200.0,1000.0,40000.0,1000.0,1.0,0.0,7.643856189774741,200.0,0.0,200.0,0.0,1.0,0.0,0.0,0.0,200.0,0.0,0.0,0.0,0.0,1.0,0.0,0.0,0.0,0.0,0.0,0.0,DDOS,ddos.pcap
5.0,200.0,0.09831690788269043,50.855952528184574,2034.2381011273828,5.0,1.0,0.024579226970672607,0.05862234056541705,4.0,1.0,1.0,200.0,1000.0,40000.0,1000.0,1.0,0.0,7.643856189774741,200.0,0.0,200.0,0.0,1.0,0.0,0.0,0.0,200.0,0.0,0.0,0.0,0.0,1.0,0.0,0.0,0.0,0.0,0.0,0.0,DDOS,ddos.pcap
5.0,200.0,0.09828996658325195,50.8698921549127,2034.795686196508,5.0,1.0,0.02457249164581299,0.059453984098309036,4.0,1.0,1.0,200.0,1000.0,40000.0,1000.0,1.0,0.0,7.643856189774741,200.0,0.0,200.0,0.0,1.0,0.0,0.0,0.0,200.0,0.0,0.0,0.0,0.0,1.0,0.0,0.0,0.0,0.0,0.0,0.0,DDOS,ddos.pcap
4.0,2160.0,0.9000000953674316,4.444443973494215,2399.999745686876,0.0,0.0,0.30000003178914386,3.746386137320332e-07,3.0,1.0,1.0,150.0,600.0,324000.0,0.0,0.0,1.0,7.228818690495862,2160.0,0.0,2160.0,0.0,1.0,0.0,0.0,0.0,2160.0,4.0,0.0,0.0,0.0,1.0,1.0,4.444443973494215,0.0,0.0,0.0,0.0,DDOS,udp_flood.pcap
4.0,2160.0,0.8999998569488525,4.444445150869976,2400.000381469787,0.0,0.0,0.2999999523162842,0.0,3.0,1.0,1.0,150.0,600.0,324000.0,0.0,0.0,1.0,7.228818690495862,2160.0,0.0,2160.0,0.0,1.0,0.0,0.0,0.0,2160.0,4.0,0.0,0.0,0.0,1.0,1.0,4.444445150869976,0.0,0.0,0.0,0.0,DDOS,udp_flood.pcap
4.0,2160.0,0.8999998569488525,4.444445150869976,2400.000381469787,0.0,0.0,0.2999999523162842,0.0,3.0,1.0,1.0,150.0,600.0,324000.0,0.0,0.0,1.0,7.228818690495862,2160.0,0.0,2160.0,0.0,1.0,0.0,0.0,0.0,2160.0,4.0,0.0,0.0,0.0,1.0,1.0,4.444445150869976,0.0,0.0,0.0,0.0,DDOS,udp_flood.pcap
4.0,2160.0,0.9000000953674316,4.444443973494215,2399.999745686876,0.0,0.0,0.30000003178914386,3.746386137320332e-07,3.0,1.0,1.0,150.0,600.0,324000.0,0.0,0.0,1.0,7.228818690495862,2160.0,0.0,2160.0,0.0,1.0,0.0,0.0,0.0,2160.0,4.0,0.0,0.0,0.0,1.0,1.0,4.444443973494215,0.0,0.0,0.0,0.0,DDOS,udp_flood.pcap
4.0,2160.0,0.8999998569488525,4.444445150869976,2400.000381469787,0.0,0.0,0.2999999523162842,0.0,3.0,1.0,1.0,150.0,600.0,324000.0,0.0,0.0,1.0,7.228818690495862,2160.0,0.0,2160.0,0.0,1.0,0.0,0.0,0.0,2160.0,4.0,0.0,0.0,0.0,1.0,1.0,4.444445150869976,0.0,0.0,0.0,0.0,DDOS,udp_flood.pcap
4.0,2160.0,0.9000000953674316,4.444443973494215,2399.999745686876,0.0,0.0,0.30000003178914386,3.746386137320332e-07,3.0,1.0,1.0,150.0,600.0,324000.0,0.0,0.0,1.0,7.228818690495862,2160.0,0.0,2160.0,0.0,1.0,0.0,0.0,0.0,2160.0,4.0,0.0,0.0,0.0,1.0,1.0,4.444443973494215,0.0,0.0,0.0,0.0,DDOS,udp_flood.pcap
4.0,2160.0,0.9000000953674316,4.444443973494215,2399.999745686876,0.0,0.0,0.30000003178914386,3.746386137320332e-07,3.0,1.0,1.0,150.0,600.0,324000.0,0.0,0.0,1.0,7.228818690495862,2160.0,0.0,2160.0,0.0,1.0,0.0,0.0,0.0,2160.0,4.0,0.0,0.0,0.0,1.0,1.0,4.444443973494215,0.0,0.0,0.0,0.0,DDOS,udp_flood.pcap
4.0,2160.0,0.8999998569488525,4.444445150869976,2400.000381469787,0.0,0.0,0.2999999523162842,0.0,3.0,1.0,1.0,150.0,600.0,324000.0,0.0,0.0,1.0,7.228818690495862,2160.0,0.0,2160.0,0.0,1.0,0.0,0.0,0.0,2160.0,4.0,0.0,0.0,0.0,1.0,1.0,4.444445150869976,0.0,0.0,0.0,0.0,DDOS,udp_flood.pcap
4.0,2160.0,0.9000000953674316,4.444443973494215,2399.999745686876,0.0,0.0,0.30000003178914386,3.746386137320332e-07,3.0,1.0,1.0,150.0,600.0,324000.0,0.0,0.0,1.0,7.228818690495862,2160.0,0.0,2160.0,0.0,1.0,0.0,0.0,0.0,2160.0,4.0,0.0,0.0,0.0,1.0,1.0,4.444443973494215,0.0,0.0,0.0,0.0,DDOS,udp_flood.pcap
4.0,2160.0,0.8999998569488525,4.444445150869976,2400.000381469787,0.0,0.0,0.2999999523162842,0.0,3.0,1.0,1.0,150.0,600.0,324000.0,0.0,0.0,1.0,7.228818690495862,2160.0,0.0,2160.0,0.0,1.0,0.0,0.0,0.0,2160.0,4.0,0.0,0.0,0.0,1.0,1.0,4.444445150869976,0.0,0.0,0.0,0.0,DDOS,udp_flood.pcap
4.0,2160.0,0.9000000953674316,4.444443973494215,2399.999745686876,0.0,0.0,0.30000003178914386,3.746386137320332e-07,3.0,1.0,1.0,150.0,600.0,324000.0,0.0,0.0,1.0,7.228818690495862,2160.0,0.0,2160.0,0.0,1.0,0.0,0.0,0.0,2160.0,4.0,0.0,0.0,0.0,1.0,1.0,4.444443973494215,0.0,0.0,0.0,0.0,DDOS,udp_flood.pcap
4.0,2160.0,0.9000000953674316,4.444443973494215,2399.999745686876,0.0,0.0,0.30000003178914386,3.746386137320332e-07,3.0,1.0,1.0,150.0,600.0,324000.0,0.0,0.0,1.0,7.228818690495862,2160.0,0.0,2160.0,0.0,1.0,0.0,0.0,0.0,2160.0,4.0,0.0,0.0,0.0,1.0,1.0,4.444443973494215,0.0,0.0,0.0,0.0,DDOS,udp_flood.pcap
4.0,2160.0,0.8999998569488525,4.444445150869976,2400.000381469787,0.0,0.0,0.2999999523162842,0.0,3.0,1.0,1.0,150.0,600.0,324000.0,0.0,0.0,1.0,7.228818690495862,2160.0,0.0,2160.0,0.0,1.0,0.0,0.0,0.0,2160.0,4.0,0.0,0.0,0.0,1.0,1.0,4.444445150869976,0.0,0.0,0.0,0.0,DDOS,udp_flood.pcap
4.0,2160.0,0.9000000953674316,4.444443973494215,2399.999745686876,0.0,0.0,0.30000003178914386,3.746386137320332e-07,3.0,1.0,1.0,150.0,600.0,324000.0,0.0,0.0,1.0,7.228818690495862,2160.0,0.0,2160.0,0.0,1.0,0.0,0.0,0.0,2160.0,4.0,0.0,0.0,0.0,1.0,1.0,4.444443973494215,0.0,0.0,0.0,0.0,DDOS,udp_flood.pcap
4.0,2160.0,0.8999998569488525,4.444445150869976,2400.000381469787,0.0,0.0,0.2999999523162842,0.0,3.0,1.0,1.0,150.0,600.0,324000.0,0.0,0.0,1.0,7.228818690495862,2160.0,0.0,2160.0,0.0,1.0,0.0,0.0,0.0,2160.0,4.0,0.0,0.0,0.0,1.0,1.0,4.444445150869976,0.0,0.0,0.0,0.0,DDOS,udp_flood.pcap
4.0,2160.0,0.9000000953674316,4.444443973494215,2399.999745686876,0.0,0.0,0.30000003178914386,3.746386137320332e-07,3.0,1.0,1.0,150.0,600.0,324000.0,0.0,0.0,1.0,7.228818690495862,2160.0,0.0,2160.0,0.0,1.0,0.0,0.0,0.0,2160.0,4.0,0.0,0.0,0.0,1.0,1.0,4.444443973494215,0.0,0.0,0.0,0.0,DDOS,udp_flood.pcap
4.0,2160.0,0.9000000953674316,4.444443973494215,2399.999745686876,0.0,0.0,0.30000003178914386,3.746386137320332e-07,3.0,1.0,1.0,150.0,600.0,324000.0,0.0,0.0,1.0,7.228818690495862,2160.0,0.0,2160.0,0.0,1.0,0.0,0.0,0.0,2160.0,4.0,0.0,0.0,0.0,1.0,1.0,4.444443973494215,0.0,0.0,0.0,0.0,DDOS,udp_flood.pcap
4.0,2160.0,0.8999998569488525,4.444445150869976,2400.000381469787,0.0,0.0,0.2999999523162842,0.0,3.0,1.0,1.0,150.0,600.0,324000.0,0.0,0.0,1.0,7.228818690495862,2160.0,0.0,2160.0,0.0,1.0,0.0,0.0,0.0,2160.0,4.0,0.0,0.0,0.0,1.0,1.0,4.444445150869976,0.0,0.0,0.0,0.0,DDOS,udp_flood.pcap
4.0,2160.0,0.9000000953674316,4.444443973494215,2399.999745686876,0.0,0.0,0.30000003178914386,3.746386137320332e-07,3.0,1.0,1.0,150.0,600.0,324000.0,0.0,0.0,1.0,7.228818690495862,2160.0,0.0,2160.0,0.0,1.0,0.0,0.0,0.0,2160.0,4.0,0.0,0.0,0.0,1.0,1.0,4.444443973494215,0.0,0.0,0.0,0.0,DDOS,udp_flood.pcap
4.0,2160.0,0.8999998569488525,4.444445150869976,2400.000381469787,0.0,0.0,0.2999999523162842,0.0,3.0,1.0,1.0,150.0,600.0,324000.0,0.0,0.0,1.0,7.228818690495862,2160.0,0.0,2160.0,0.0,1.0,0.0,0.0,0.0,2160.0,4.0,0.0,0.0,0.0,1.0,1.0,4.444445150869976,0.0,0.0,0.0,0.0,DDOS,udp_flood.pcap
4.0,2160.0,0.9000000953674316,4.444443973494215,2399.999745686876,0.0,0.0,0.30000003178914386,3.746386137320332e-07,3.0,1.0,1.0,150.0,600.0,324000.0,0.0,0.0,1.0,7.228818690495862,2160.0,0.0,2160.0,0.0,1.0,0.0,0.0,0.0,2160.0,4.0,0.0,0.0,0.0,1.0,1.0,4.444443973494215,0.0,0.0,0.0,0.0,DDOS,udp_flood.pcap
4.0,2160.0,0.9000000953674316,4.444443973494215,2399.999745686876,0.0,0.0,0.30000003178914386,3.746386137320332e-07,3.0,1.0,1.0,150.0,600.0,324000.0,0.0,0.0,1.0,7.228818690495862,2160.0,0.0,2160.0,0.0,1.0,0.0,0.0,0.0,2160.0,4.0,0.0,0.0,0.0,1.0,1.0,4.444443973494215,0.0,0.0,0.0,0.0,DDOS,udp_flood.pcap
4.0,2160.0,0.8999998569488525,4.444445150869976,2400.000381469787,0.0,0.0,0.2999999523162842,0.0,3.0,1.0,1.0,150.0,600.0,324000.0,0.0,0.0,1.0,7.228818690495862,2160.0,0.0,2160.0,0.0,1.0,0.0,0.0,0.0,2160.0,4.0,0.0,0.0,0.0,1.0,1.0,4.444445150869976,0.0,0.0,0.0,0.0,DDOS,udp_flood.pcap
4.0,2160.0,0.9000000953674316,4.444443973494215,2399.999745686876,0.0,0.0,0.30000003178914386,3.746386137320332e-07,3.0,1.0,1.0,150.0,600.0,324000.0,0.0,0.0,1.0,7.228818690495862,2160.0,0.0,2160.0,0.0,1.0,0.0,0.0,0.0,2160.0,4.0,0.0,0.0,0.0,1.0,1.0,4.444443973494215,0.0,0.0,0.0,0.0,DDOS,udp_flood.pcap
4.0,2160.0,0.8999998569488525,4.444445150869976,2400.000381469787,0.0,0.0,0.2999999523162842,0.0,3.0,1.0,1.0,150.0,600.0,324000.0,0.0,0.0,1.0,7.228818690495862,2160.0,0.0,2160.0,0.0,1.0,0.0,0.0,0.0,2160.0,4.0,0.0,0.0,0.0,1.0,1.0,4.444445150869976,0.0,0.0,0.0,0.0,DDOS,udp_flood.pcap
4.0,2160.0,0.9000000953674316,4.444443973494215,2399.999745686876,0.0,0.0,0.30000003178914386,3.746386137320332e-07,3.0,1.0,1.0,150.0,600.0,324000.0,0.0,0.0,1.0,7.228818690495862,2160.0,0.0,2160.0,0.0,1.0,0.0,0.0,0.0,2160.0,4.0,0.0,0.0,0.0,1.0,1.0,4.444443973494215,0.0,0.0,0.0,0.0,DDOS,udp_flood.pcap
4.0,2160.0,0.9000000953674316,4.444443973494215,2399.999745686876,0.0,0.0,0.30000003178914386,3.746386137320332e-07,3.0,1.0,1.0,150.0,600.0,324000.0,0.0,0.0,1.0,7.228818690495862,2160.0,0.0,2160.0,0.0,1.0,0.0,0.0,0.0,2160.0,4.0,0.0,0.0,0.0,1.0,1.0,4.444443973494215,0.0,0.0,0.0,0.0,DDOS,udp_flood.pcap
4.0,2160.0,0.8999998569488525,4.444445150869976,2400.000381469787,0.0,0.0,0.2999999523162842,0.0,3.0,1.0,1.0,150.0,600.0,324000.0,0.0,0.0,1.0,7.228818690495862,2160.0,0.0,2160.0,0.0,1.0,0.0,0.0,0.0,2160.0,4.0,0.0,0.0,0.0,1.0,1.0,4.444445150869976,0.0,0.0,0.0,0.0,DDOS,udp_flood.pcap
4.0,2160.0,0.9000000953674316,4.444443973494215,2399.999745686876,0.0,0.0,0.30000003178914386,3.746386137320332e-07,3.0,1.0,1.0,150.0,600.0,324000.0,0.0,0.0,1.0,7.228818690495862,2160.0,0.0,2160.0,0.0,1.0,0.0,0.0,0.0,2160.0,4.0,0.0,0.0,0.0,1.0,1.0,4.444443973494215,0.0,0.0,0.0,0.0,DDOS,udp_flood.pcap
4.0,2160.0,0.9000000953674316,4.444443973494215,2399.999745686876,0.0,0.0,0.30000003178914386,3.746386137320332e-07,3.0,1.0,1.0,150.0,600.0,324000.0,0.0,0.0,1.0,7.228818690495862,2160.0,0.0,2160.0,0.0,1.0,0.0,0.0,0.0,2160.0,4.0,0.0,0.0,0.0,1.0,1.0,4.444443973494215,0.0,0.0,0.0,0.0,DDOS,udp_flood.pcap
4.0,2160.0,0.8999998569488525,4.444445150869976,2400.000381469787,0.0,0.0,0.2999999523162842,0.0,3.0,1.0,1.0,150.0,600.0,324000.0,0.0,0.0,1.0,7.228818690495862,2160.0,0.0,2160.0,0.0,1.0,0.0,0.0,0.0,2160.0,4.0,0.0,0.0,0.0,1.0,1.0,4.444445150869976,0.0,0.0,0.0,0.0,DDOS,udp_flood.pcap
4.0,2160.0,0.9000000953674316,4.444443973494215,2399.999745686876,0.0,0.0,0.30000003178914386,3.746386137320332e-07,3.0,1.0,1.0,150.0,600.0,324000.0,0.0,0.0,1.0,7.228818690495862,2160.0,0.0,2160.0,0.0,1.0,0.0,0.0,0.0,2160.0,4.0,0.0,0.0,0.0,1.0,1.0,4.444443973494215,0.0,0.0,0.0,0.0,DDOS,udp_flood.pcap
4.0,2160.0,0.8999998569488525,4.444445150869976,2400.000381469787,0.0,0.0,0.2999999523162842,0.0,3.0,1.0,1.0,150.0,600.0,324000.0,0.0,0.0,1.0,7.228818690495862,2160.0,0.0,2160.0,0.0,1.0,0.0,0.0,0.0,2160.0,4.0,0.0,0.0,0.0,1.0,1.0,4.444445150869976,0.0,0.0,0.0,0.0,DDOS,udp_flood.pcap
4.0,2160.0,0.9000000953674316,4.444443973494215,2399.999745686876,0.0,0.0,0.30000003178914386,3.746386137320332e-07,3.0,1.0,1.0,150.0,600.0,324000.0,0.0,0.0,1.0,7.228818690495862,2160.0,0.0,2160.0,0.0,1.0,0.0,0.0,0.0,2160.0,4.0,0.0,0.0,0.0,1.0,1.0,4.444443973494215,0.0,0.0,0.0,0.0,DDOS,udp_flood.pcap
4.0,2160.0,0.9000000953674316,4.444443973494215,2399.999745686876,0.0,0.0,0.30000003178914386,3.746386137320332e-07,3.0,1.0,1.0,150.0,600.0,324000.0,0.0,0.0,1.0,7.228818690495862,2160.0,0.0,2160.0,0.0,1.0,0.0,0.0,0.0,2160.0,4.0,0.0,0.0,0.0,1.0,1.0,4.444443973494215,0.0,0.0,0.0,0.0,DDOS,udp_flood.pcap
4.0,2160.0,0.8999998569488525,4.444445150869976,2400.000381469787,0.0,0.0,0.2999999523162842,0.0,3.0,1.0,1.0,150.0,600.0,324000.0,0.0,0.0,1.0,7.228818690495862,2160.0,0.0,2160.0,0.0,1.0,0.0,0.0,0.0,2160.0,4.0,0.0,0.0,0.0,1.0,1.0,4.444445150869976,0.0,0.0,0.0,0.0,DDOS,udp_flood.pcap
4.0,2160.0,0.9000000953674316,4.444443973494215,2399.999745686876,0.0,0.0,0.30000003178914386,3.746386137320332e-07,3.0,1.0,1.0,150.0,600.0,324000.0,0.0,0.0,1.0,7.228818690495862,2160.0,0.0,2160.0,0.0,1.0,0.0,0.0,0.0,2160.0,4.0,0.0,0.0,0.0,1.0,1.0,4.444443973494215,0.0,0.0,0.0,0.0,DDOS,udp_flood.pcap
4.0,2160.0,0.8999998569488525,4.444445150869976,2400.000381469787,0.0,0.0,0.2999999523162842,0.0,3.0,1.0,1.0,150.0,600.0,324000.0,0.0,0.0,1.0,7.228818690495862,2160.0,0.0,2160.0,0.0,1.0,0.0,0.0,0.0,2160.0,4.0,0.0,0.0,0.0,1.0,1.0,4.444445150869976,0.0,0.0,0.0,0.0,DDOS,udp_flood.pcap
4.0,2160.0,0.9000000953674316,4.444443973494215,2399.999745686876,0.0,0.0,0.30000003178914386,3.746386137320332e-07,3.0,1.0,1.0,150.0,600.0,324000.0,0.0,0.0,1.0,7.228818690495862,2160.0,0.0,2160.0,0.0,1.0,0.0,0.0,0.0,2160.0,4.0,0.0,0.0,0.0,1.0,1.0,4.444443973494215,0.0,0.0,0.0,0.0,DDOS,udp_flood.pcap
4.0,2160.0,0.9000000953674316,4.444443973494215,2399.999745686876,0.0,0.0,0.30000003178914386,3.746386137320332e-07,3.0,1.0,1.0,150.0,600.0,324000.0,0.0,0.0,1.0,7.228818690495862,2160.0,0.0,2160.0,0.0,1.0,0.0,0.0,0.0,2160.0,4.0,0.0,0.0,0.0,1.0,1.0,4.444443973494215,0.0,0.0,0.0,0.0,DDOS,udp_flood.pcap
4.0,2160.0,0.8999998569488525,4.444445150869976,2400.000381469787,0.0,0.0,0.2999999523162842,0.0,3.0,1.0,1.0,150.0,600.0,324000.0,0.0,0.0,1.0,7.228818690495862,2160.0,0.0,2160.0,0.0,1.0,0.0,0.0,0.0,2160.0,4.0,0.0,0.0,0.0,1.0,1.0,4.444445150869976,0.0,0.0,0.0,0.0,DDOS,udp_flood.pcap
4.0,2160.0,0.9000000953674316,4.444443973494215,2399.999745686876,0.0,0.0,0.30000003178914386,3.746386137320332e-07,3.0,1.0,1.0,150.0,600.0,324000.0,0.0,0.0,1.0,7.228818690495862,2160.0,0.0,2160.0,0.0,1.0,0.0,0.0,0.0,2160.0,4.0,0.0,0.0,0.0,1.0,1.0,4.444443973494215,0.0,0.0,0.0,0.0,DDOS,udp_flood.pcap
4.0,2160.0,0.8999998569488525,4.444445150869976,2400.000381469787,0.0,0.0,0.2999999523162842,0.0,3.0,1.0,1.0,150.0,600.0,324000.0,0.0,0.0,1.0,7.228818690495862,2160.0,0.0,2160.0,0.0,1.0,0.0,0.0,0.0,2160.0,4.0,0.0,0.0,0.0,1.0,1.0,4.444445150869976,0.0,0.0,0.0,0.0,DDOS,udp_flood.pcap
4.0,2160.0,0.9000000953674316,4.444443973494215,2399.999745686876,0.0,0.0,0.30000003178914386,3.746386137320332e-07,3.0,1.0,1.0,150.0,600.0,324000.0,0.0,0.0,1.0,7.228818690495862,2160.0,0.0,2160.0,0.0,1.0,0.0,0.0,0.0,2160.0,4.0,0.0,0.0,0.0,1.0,1.0,4.444443973494215,0.0,0.0,0.0,0.0,DDOS,udp_flood.pcap
4.0,2160.0,0.9000000953674316,4.444443973494215,2399.999745686876,0.0,0.0,0.30000003178914386,3.746386137320332e-07,3.0,1.0,1.0,150.0,600.0,324000.0,0.0,0.0,1.0,7.228818690495862,2160.0,0.0,2160.0,0.0,1.0,0.0,0.0,0.0,2160.0,4.0,0.0,0.0,0.0,1.0,1.0,4.444443973494215,0.0,0.0,0.0,0.0,DDOS,udp_flood.pcap
4.0,2160.0,0.8999998569488525,4.444445150869976,2400.000381469787,0.0,0.0,0.2999999523162842,0.0,3.0,1.0,1.0,150.0,600.0,324000.0,0.0,0.0,1.0,7.228818690495862,2160.0,0.0,2160.0,0.0,1.0,0.0,0.0,0.0,2160.0,4.0,0.0,0.0,0.0,1.0,1.0,4.444445150869976,0.0,0.0,0.0,0.0,DDOS,udp_flood.pcap
4.0,2160.0,0.9000000953674316,4.444443973494215,2399.999745686876,0.0,0.0,0.30000003178914386,3.746386137320332e-07,3.0,1.0,1.0,150.0,600.0,324000.0,0.0,0.0,1.0,7.228818690495862,2160.0,0.0,2160.0,0.0,1.0,0.0,0.0,0.0,2160.0,4.0,0.0,0.0,0.0,1.0,1.0,4.444443973494215,0.0,0.0,0.0,0.0,DDOS,udp_flood.pcap
4.0,2160.0,0.8999998569488525,4.444445150869976,2400.000381469787,0.0,0.0,0.2999999523162842,0.0,3.0,1.0,1.0,150.0,600.0,324000.0,0.0,0.0,1.0,7.228818690495862,2160.0,0.0,2160.0,0.0,1.0,0.0,0.0,0.0,2160.0,4.0,0.0,0.0,0.0,1.0,1.0,4.444445150869976,0.0,0.0,0.0,0.0,DDOS,udp_flood.pcap
4.0,2160.0,0.9000000953674316,4.444443973494215,2399.999745686876,0.0,0.0,0.30000003178914386,3.746386137320332e-07,3.0,1.0,1.0,150.0,600.0,324000.0,0.0,0.0,1.0,7.228818690495862,2160.0,0.0,2160.0,0.0,1.0,0.0,0.0,0.0,2160.0,4.0,0.0,0.0,0.0,1.0,1.0,4.444443973494215,0.0,0.0,0.0,0.0,DDOS,udp_flood.pcap
4.0,2160.0,0.9000000953674316,4.444443973494215,2399.999745686876,0.0,0.0,0.30000003178914386,3.746386137320332e-07,3.0,1.0,1.0,150.0,600.0,324000.0,0.0,0.0,1.0,7.228818690495862,2160.0,0.0,2160.0,0.0,1.0,0.0,0.0,0.0,2160.0,4.0,0.0,0.0,0.0,1.0,1.0,4.444443973494215,0.0,0.0,0.0,0.0,DDOS,udp_flood.pcap
4.0,2160.0,0.8999998569488525,4.444445150869976,2400.000381469787,0.0,0.0,0.2999999523162842,0.0,3.0,1.0,1.0,150.0,600.0,324000.0,0.0,0.0,1.0,7.228818690495862,2160.0,0.0,2160.0,0.0,1.0,0.0,0.0,0.0,2160.0,4.0,0.0,0.0,0.0,1.0,1.0,4.444445150869976,0.0,0.0,0.0,0.0,DDOS,udp_flood.pcap
4.0,2160.0,0.9000000953674316,4.444443973494215,2399.999745686876,0.0,0.0,0.30000003178914386,3.746386137320332e-07,3.0,1.0,1.0,150.0,600.0,324000.0,0.0,0.0,1.0,7.228818690495862,2160.0,0.0,2160.0,0.0,1.0,0.0,0.0,0.0,2160.0,4.0,0.0,0.0,0.0,1.0,1.0,4.444443973494215,0.0,0.0,0.0,0.0,DDOS,udp_flood.pcap
4.0,2160.0,0.9000000953674316,4.444443973494215,2399.999745686876,0.0,0.0,0.30000003178914386,3.746386137320332e-07,3.0,1.0,1.0,150.0,600.0,324000.0,0.0,0.0,1.0,7.228818690495862,2160.0,0.0,2160.0,0.0,1.0,0.0,0.0,0.0,2160.0,4.0,0.0,0.0,0.0,1.0,1.0,4.444443973494215,0.0,0.0,0.0,0.0,DDOS,udp_flood.pcap
4.0,2160.0,0.8999998569488525,4.444445150869976,2400.000381469787,0.0,0.0,0.2999999523162842,0.0,3.0,1.0,1.0,150.0,600.0,324000.0,0.0,0.0,1.0,7.228818690495862,2160.0,0.0,2160.0,0.0,1.0,0.0,0.0,0.0,2160.0,4.0,0.0,0.0,0.0,1.0,1.0,4.444445150869976,0.0,0.0,0.0,0.0,DDOS,udp_flood.pcap
4.0,2160.0,0.9000000953674316,4.444443973494215,2399.999745686876,0.0,0.0,0.30000003178914386,3.746386137320332e-07,3.0,1.0,1.0,150.0,600.0,324000.0,0.0,0.0,1.0,7.228818690495862,2160.0,0.0,2160.0,0.0,1.0,0.0,0.0,0.0,2160.0,4.0,0.0,0.0,0.0,1.0,1.0,4.444443973494215,0.0,0.0,0.0,0.0,DDOS,udp_flood.pcap
4.0,2160.0,0.8999998569488525,4.444445150869976,2400.000381469787,0.0,0.0,0.2999999523162842,0.0,3.0,1.0,1.0,150.0,600.0,324000.0,0.0,0.0,1.0,7.228818690495862,2160.0,0.0,2160.0,0.0,1.0,0.0,0.0,0.0,2160.0,4.0,0.0,0.0,0.0,1.0,1.0,4.444445150869976,0.0,0.0,0.0,0.0,DDOS,udp_flood.pcap
4.0,2160.0,0.9000000953674316,4.444443973494215,2399.999745686876,0.0,0.0,0.30000003178914386,3.746386137320332e-07,3.0,1.0,1.0,150.0,600.0,324000.0,0.0,0.0,1.0,7.228818690495862,2160.0,0.0,2160.0,0.0,1.0,0.0,0.0,0.0,2160.0,4.0,0.0,0.0,0.0,1.0,1.0,4.444443973494215,0.0,0.0,0.0,0.0,DDOS,udp_flood.pcap
4.0,2160.0,0.9000000953674316,4.444443973494215,2399.999745686876,0.0,0.0,0.30000003178914386,3.746386137320332e-07,3.0,1.0,1.0,150.0,600.0,324000.0,0.0,0.0,1.0,7.228818690495862,2160.0,0.0,2160.0,0.0,1.0,0.0,0.0,0.0,2160.0,4.0,0.0,0.0,0.0,1.0,1.0,4.444443973494215,0.0,0.0,0.0,0.0,DDOS,udp_flood.pcap
4.0,2160.0,0.8999998569488525,4.444445150869976,2400.000381469787,0.0,0.0,0.2999999523162842,0.0,3.0,1.0,1.0,150.0,600.0,324000.0,0.0,0.0,1.0,7.228818690495862,2160.0,0.0,2160.0,0.0,1.0,0.0,0.0,0.0,2160.0,4.0,0.0,0.0,0.0,1.0,1.0,4.444445150869976,0.0,0.0,0.0,0.0,DDOS,udp_flood.pcap
4.0,2160.0,0.9000000953674316,4.444443973494215,2399.999745686876,0.0,0.0,0.30000003178914386,3.746386137320332e-07,3.0,1.0,1.0,150.0,600.0,324000.0,0.0,0.0,1.0,7.228818690495862,2160.0,0.0,2160.0,0.0,1.0,0.0,0.0,0.0,2160.0,4.0,0.0,0.0,0.0,1.0,1.0,4.444443973494215,0.0,0.0,0.0,0.0,DDOS,udp_flood.pcap
4.0,2160.0,0.8999998569488525,4.444445150869976,2400.000381469787,0.0,0.0,0.2999999523162842,0.0,3.0,1.0,1.0,150.0,600.0,324000.0,0.0,0.0,1.0,7.228818690495862,2160.0,0.0,2160.0,0.0,1.0,0.0,0.0,0.0,2160.0,4.0,0.0,0.0,0.0,1.0,1.0,4.444445150869976,0.0,0.0,0.0,0.0,DDOS,udp_flood.pcap
4.0,2160.0,0.9000000953674316,4.444443973494215,2399.999745686876,0.0,0.0,0.30000003178914386,3.746386137320332e-07,3.0,1.0,1.0,150.0,600.0,324000.0,0.0,0.0,1.0,7.228818690495862,2160.0,0.0,2160.0,0.0,1.0,0.0,0.0,0.0,2160.0,4.0,0.0,0.0,0.0,1.0,1.0,4.444443973494215,0.0,0.0,0.0,0.0,DDOS,udp_flood.pcap
4.0,2160.0,0.9000000953674316,4.444443973494215,2399.999745686876,0.0,0.0,0.30000003178914386,3.746386137320332e-07,3.0,1.0,1.0,150.0,600.0,324000.0,0.0,0.0,1.0,7.228818690495862,2160.0,0.0,2160.0,0.0,1.0,0.0,0.0,0.0,2160.0,4.0,0.0,0.0,0.0,1.0,1.0,4.444443973494215,0.0,0.0,0.0,0.0,DDOS,udp_flood.pcap
4.0,2160.0,0.8999998569488525,4.444445150869976,2400.000381469787,0.0,0.0,0.2999999523162842,0.0,3.0,1.0,1.0,150.0,600.0,324000.0,0.0,0.0,1.0,7.228818690495862,2160.0,0.0,2160.0,0.0,1.0,0.0,0.0,0.0,2160.0,4.0,0.0,0.0,0.0,1.0,1.0,4.444445150869976,0.0,0.0,0.0,0.0,DDOS,udp_flood.pcap
4.0,2160.0,0.9000000953674316,4.444443973494215,2399.999745686876,0.0,0.0,0.30000003178914386,3.746386137320332e-07,3.0,1.0,1.0,150.0,600.0,324000.0,0.0,0.0,1.0,7.228818690495862,2160.0,0.0,2160.0,0.0,1.0,0.0,0.0,0.0,2160.0,4.0,0.0,0.0,0.0,1.0,1.0,4.444443973494215,0.0,0.0,0.0,0.0,DDOS,udp_flood.pcap
4.0,2160.0,0.8999998569488525,4.444445150869976,2400.000381469787,0.0,0.0,0.2999999523162842,0.0,3.0,1.0,1.0,150.0,600.0,324000.0,0.0,0.0,1.0,7.228818690495862,2160.0,0.0,2160.0,0.0,1.0,0.0,0.0,0.0,2160.0,4.0,0.0,0.0,0.0,1.0,1.0,4.444445150869976,0.0,0.0,0.0,0.0,DDOS,udp_flood.pcap
4.0,2160.0,0.9000000953674316,4.444443973494215,2399.999745686876,0.0,0.0,0.30000003178914386,3.746386137320332e-07,3.0,1.0,1.0,150.0,600.0,324000.0,0.0,0.0,1.0,7.228818690495862,2160.0,0.0,2160.0,0.0,1.0,0.0,0.0,0.0,2160.0,4.0,0.0,0.0,0.0,1.0,1.0,4.444443973494215,0.0,0.0,0.0,0.0,DDOS,udp_flood.pcap
4.0,2160.0,0.9000000953674316,4.444443973494215,2399.999745686876,0.0,0.0,0.30000003178914386,3.746386137320332e-07,3.0,1.0,1.0,150.0,600.0,324000.0,0.0,0.0,1.0,7.228818690495862,2160.0,0.0,2160.0,0.0,1.0,0.0,0.0,0.0,2160.0,4.0,0.0,0.0,0.0,1.0,1.0,4.444443973494215,0.0,0.0,0.0,0.0,DDOS,udp_flood.pcap
4.0,2160.0,0.8999998569488525,4.444445150869976,2400.000381469787,0.0,0.0,0.2999999523162842,0.0,3.0,1.0,1.0,150.0,600.0,324000.0,0.0,0.0,1.0,7.228818690495862,2160.0,0.0,2160.0,0.0,1.0,0.0,0.0,0.0,2160.0,4.0,0.0,0.0,0.0,1.0,1.0,4.444445150869976,0.0,0.0,0.0,0.0,DDOS,udp_flood.pcap
4.0,2160.0,0.9000000953674316,4.444443973494215,2399.999745686876,0.0,0.0,0.30000003178914386,3.746386137320332e-07,3.0,1.0,1.0,150.0,600.0,324000.0,0.0,0.0,1.0,7.228818690495862,2160.0,0.0,2160.0,0.0,1.0,0.0,0.0,0.0,2160.0,4.0,0.0,0.0,0.0,1.0,1.0,4.444443973494215,0.0,0.0,0.0,0.0,DDOS,udp_flood.pcap
4.0,2160.0,0.8999998569488525,4.444445150869976,2400.000381469787,0.0,0.0,0.2999999523162842,0.0,3.0,1.0,1.0,150.0,600.0,324000.0,0.0,0.0,1.0,7.228818690495862,2160.0,0.0,2160.0,0.0,1.0,0.0,0.0,0.0,2160.0,4.0,0.0,0.0,0.0,1.0,1.0,4.444445150869976,0.0,0.0,0.0,0.0,DDOS,udp_flood.pcap
4.0,2160.0,0.9000000953674316,4.444443973494215,2399.999745686876,0.0,0.0,0.30000003178914386,3.746386137320332e-07,3.0,1.0,1.0,150.0,600.0,324000.0,0.0,0.0,1.0,7.228818690495862,2160.0,0.0,2160.0,0.0,1.0,0.0,0.0,0.0,2160.0,4.0,0.0,0.0,0.0,1.0,1.0,4.444443973494215,0.0,0.0,0.0,0.0,DDOS,udp_flood.pcap
4.0,2160.0,0.9000000953674316,4.444443973494215,2399.999745686876,0.0,0.0,0.30000003178914386,3.746386137320332e-07,3.0,1.0,1.0,150.0,600.0,324000.0,0.0,0.0,1.0,7.228818690495862,2160.0,0.0,2160.0,0.0,1.0,0.0,0.0,0.0,2160.0,4.0,0.0,0.0,0.0,1.0,1.0,4.444443973494215,0.0,0.0,0.0,0.0,DDOS,udp_flood.pcap
4.0,2160.0,0.8999998569488525,4.444445150869976,2400.000381469787,0.0,0.0,0.2999999523162842,0.0,3.0,1.0,1.0,150.0,600.0,324000.0,0.0,0.0,1.0,7.228818690495862,2160.0,0.0,2160.0,0.0,1.0,0.0,0.0,0.0,2160.0,4.0,0.0,0.0,0.0,1.0,1.0,4.444445150869976,0.0,0.0,0.0,0.0,DDOS,udp_flood.pcap
4.0,2160.0,0.9000000953674316,4.444443973494215,2399.999745686876,0.0,0.0,0.30000003178914386,3.746386137320332e-07,3.0,1.0,1.0,150.0,600.0,324000.0,0.0,0.0,1.0,7.228818690495862,2160.0,0.0,2160.0,0.0,1.0,0.0,0.0,0.0,2160.0,4.0,0.0,0.0,0.0,1.0,1.0,4.444443973494215,0.0,0.0,0.0,0.0,DDOS,udp_flood.pcap
4.0,2160.0,0.8999998569488525,4.444445150869976,2400.000381469787,0.0,0.0,0.2999999523162842,0.0,3.0,1.0,1.0,150.0,600.0,324000.0,0.0,0.0,1.0,7.228818690495862,2160.0,0.0,2160.0,0.0,1.0,0.0,0.0,0.0,2160.0,4.0,0.0,0.0,0.0,1.0,1.0,4.444445150869976,0.0,0.0,0.0,0.0,DDOS,udp_flood.pcap
4.0,2160.0,0.9000000953674316,4.444443973494215,2399.999745686876,0.0,0.0,0.30000003178914386,3.746386137320332e-07,3.0,1.0,1.0,150.0,600.0,324000.0,0.0,0.0,1.0,7.228818690495862,2160.0,0.0,2160.0,0.0,1.0,0.0,0.0,0.0,2160.0,4.0,0.0,0.0,0.0,1.0,1.0,4.444443973494215,0.0,0.0,0.0,0.0,DDOS,udp_flood.pcap
4.0,2160.0,0.9000000953674316,4.444443973494215,2399.999745686876,0.0,0.0,0.30000003178914386,3.746386137320332e-07,3.0,1.0,1.0,150.0,600.0,324000.0,0.0,0.0,1.0,7.228818690495862,2160.0,0.0,2160.0,0.0,1.0,0.0,0.0,0.0,2160.0,4.0,0.0,0.0,0.0,1.0,1.0,4.444443973494215,0.0,0.0,0.0,0.0,DDOS,udp_flood.pcap
4.0,2160.0,0.8999998569488525,4.444445150869976,2400.000381469787,0.0,0.0,0.2999999523162842,0.0,3.0,1.0,1.0,150.0,600.0,324000.0,0.0,0.0,1.0,7.228818690495862,2160.0,0.0,2160.0,0.0,1.0,0.0,0.0,0.0,2160.0,4.0,0.0,0.0,0.0,1.0,1.0,4.444445150869976,0.0,0.0,0.0,0.0,DDOS,udp_flood.pcap
4.0,2160.0,0.9000000953674316,4.444443973494215,2399.999745686876,0.0,0.0,0.30000003178914386,3.746386137320332e-07,3.0,1.0,1.0,150.0,600.0,324000.0,0.0,0.0,1.0,7.228818690495862,2160.0,0.0,2160.0,0.0,1.0,0.0,0.0,0.0,2160.0,4.0,0.0,0.0,0.0,1.0,1.0,4.444443973494215,0.0,0.0,0.0,0.0,DDOS,udp_flood.pcap
4.0,2160.0,0.9000000953674316,4.444443973494215,2399.999745686876,0.0,0.0,0.30000003178914386,3.746386137320332e-07,3.0,1.0,1.0,150.0,600.0,324000.0,0.0,0.0,1.0,7.228818690495862,2160.0,0.0,2160.0,0.0,1.0,0.0,0.0,0.0,2160.0,4.0,0.0,0.0,0.0,1.0,1.0,4.444443973494215,0.0,0.0,0.0,0.0,DDOS,udp_flood.pcap
4.0,2160.0,0.8999998569488525,4.444445150869976,2400.000381469787,0.0,0.0,0.2999999523162842,0.0,3.0,1.0,1.0,150.0,600.0,324000.0,0.0,0.0,1.0,7.228818690495862,2160.0,0.0,2160.0,0.0,1.0,0.0,0.0,0.0,2160.0,4.0,0.0,0.0,0.0,1.0,1.0,4.444445150869976,0.0,0.0,0.0,0.0,DDOS,udp_flood.pcap
4.0,2160.0,0.9000000953674316,4.444443973494215,2399.999745686876,0.0,0.0,0.30000003178914386,3.746386137320332e-07,3.0,1.0,1.0,150.0,600.0,324000.0,0.0,0.0,1.0,7.228818690495862,2160.0,0.0,2160.0,0.0,1.0,0.0,0.0,0.0,2160.0,4.0,0.0,0.0,0.0,1.0,1.0,4.444443973494215,0.0,0.0,0.0,0.0,DDOS,udp_flood.pcap
4.0,2160.0,0.8999998569488525,4.444445150869976,2400.000381469787,0.0,0.0,0.2999999523162842,0.0,3.0,1.0,1.0,150.0,600.0,324000.0,0.0,0.0,1.0,7.228818690495862,2160.0,0.0,2160.0,0.0,1.0,0.0,0.0,0.0,2160.0,4.0,0.0,0.0,0.0,1.0,1.0,4.444445150869976,0.0,0.0,0.0,0.0,DDOS,udp_flood.pcap
4.0,2160.0,0.9000000953674316,4.444443973494215,2399.999745686876,0.0,0.0,0.30000003178914386,3.746386137320332e-07,3.0,1.0,1.0,150.0,600.0,324000.0,0.0,0.0,1.0,7.228818690495862,2160.0,0.0,2160.0,0.0,1.0,0.0,0.0,0.0,2160.0,4.0,0.0,0.0,0.0,1.0,1.0,4.444443973494215,0.0,0.0,0.0,0.0,DDOS,udp_flood.pcap
4.0,2160.0,0.9000000953674316,4.444443973494215,2399.999745686876,0.0,0.0,0.30000003178914386,3.746386137320332e-07,3.0,1.0,1.0,150.0,600.0,324000.0,0.0,0.0,1.0,7.228818690495862,2160.0,0.0,2160.0,0.0,1.0,0.0,0.0,0.0,2160.0,4.0,0.0,0.0,0.0,1.0,1.0,4.444443973494215,0.0,0.0,0.0,0.0,DDOS,udp_flood.pcap
4.0,2160.0,0.8999998569488525,4.444445150869976,2400.000381469787,0.0,0.0,0.2999999523162842,0.0,3.0,1.0,1.0,150.0,600.0,324000.0,0.0,0.0,1.0,7.228818690495862,2160.0,0.0,2160.0,0.0,1.0,0.0,0.0,0.0,2160.0,4.0,0.0,0.0,0.0,1.0,1.0,4.444445150869976,0.0,0.0,0.0,0.0,DDOS,udp_flood.pcap
4.0,2160.0,0.9000000953674316,4.444443973494215,2399.999745686876,0.0,0.0,0.30000003178914386,3.746386137320332e-07,3.0,1.0,1.0,150.0,600.0,324000.0,0.0,0.0,1.0,7.228818690495862,2160.0,0.0,2160.0,0.0,1.0,0.0,0.0,0.0,2160.0,4.0,0.0,0.0,0.0,1.0,1.0,4.444443973494215,0.0,0.0,0.0,0.0,DDOS,udp_flood.pcap
4.0,2160.0,0.8999998569488525,4.444445150869976,2400.000381469787,0.0,0.0,0.2999999523162842,0.0,3.0,1.0,1.0,150.0,600.0,324000.0,0.0,0.0,1.0,7.228818690495862,2160.0,0.0,2160.0,0.0,1.0,0.0,0.0,0.0,2160.0,4.0,0.0,0.0,0.0,1.0,1.0,4.444445150869976,0.0,0.0,0.0,0.0,DDOS,udp_flood.pcap
4.0,2160.0,0.9000000953674316,4.444443973494215,2399.999745686876,0.0,0.0,0.30000003178914386,3.746386137320332e-07,3.0,1.0,1.0,150.0,600.0,324000.0,0.0,0.0,1.0,7.228818690495862,2160.0,0.0,2160.0,0.0,1.0,0.0,0.0,0.0,2160.0,4.0,0.0,0.0,0.0,1.0,1.0,4.444443973494215,0.0,0.0,0.0,0.0,DDOS,udp_flood.pcap
4.0,2160.0,0.9000000953674316,4.444443973494215,2399.999745686876,0.0,0.0,0.30000003178914386,3.746386137320332e-07,3.0,1.0,1.0,150.0,600.0,324000.0,0.0,0.0,1.0,7.228818690495862,2160.0,0.0,2160.0,0.0,1.0,0.0,0.0,0.0,2160.0,4.0,0.0,0.0,0.0,1.0,1.0,4.444443973494215,0.0,0.0,0.0,0.0,DDOS,udp_flood.pcap
4.0,2160.0,0.8999998569488525,4.444445150869976,2400.000381469787,0.0,0.0,0.2999999523162842,0.0,3.0,1.0,1.0,150.0,600.0,324000.0,0.0,0.0,1.0,7.228818690495862,2160.0,0.0,2160.0,0.0,1.0,0.0,0.0,0.0,2160.0,4.0,0.0,0.0,0.0,1.0,1.0,4.444445150869976,0.0,0.0,0.0,0.0,DDOS,udp_flood.pcap
4.0,2160.0,0.9000000953674316,4.444443973494215,2399.999745686876,0.0,0.0,0.30000003178914386,3.746386137320332e-07,3.0,1.0,1.0,150.0,600.0,324000.0,0.0,0.0,1.0,7.228818690495862,2160.0,0.0,2160.0,0.0,1.0,0.0,0.0,0.0,2160.0,4.0,0.0,0.0,0.0,1.0,1.0,4.444443973494215,0.0,0.0,0.0,0.0,DDOS,udp_flood.pcap
4.0,2160.0,0.8999998569488525,4.444445150869976,2400.000381469787,0.0,0.0,0.2999999523162842,0.0,3.0,1.0,1.0,150.0,600.0,324000.0,0.0,0.0,1.0,7.228818690495862,2160.0,0.0,2160.0,0.0,1.0,0.0,0.0,0.0,2160.0,4.0,0.0,0.0,0.0,1.0,1.0,4.444445150869976,0.0,0.0,0.0,0.0,DDOS,udp_flood.pcap
4.0,2160.0,0.9000000953674316,4.444443973494215,2399.999745686876,0.0,0.0,0.30000003178914386,3.746386137320332e-07,3.0,1.0,1.0,150.0,600.0,324000.0,0.0,0.0,1.0,7.228818690495862,2160.0,0.0,2160.0,0.0,1.0,0.0,0.0,0.0,2160.0,4.0,0.0,0.0,0.0,1.0,1.0,4.444443973494215,0.0,0.0,0.0,0.0,DDOS,udp_flood.pcap
4.0,2160.0,0.9000000953674316,4.444443973494215,2399.999745686876,0.0,0.0,0.30000003178914386,3.746386137320332e-07,3.0,1.0,1.0,150.0,600.0,324000.0,0.0,0.0,1.0,7.228818690495862,2160.0,0.0,2160.0,0.0,1.0,0.0,0.0,0.0,2160.0,4.0,0.0,0.0,0.0,1.0,1.0,4.444443973494215,0.0,0.0,0.0,0.0,DDOS,udp_flood.pcap
4.0,2160.0,0.8999998569488525,4.444445150869976,2400.000381469787,0.0,0.0,0.2999999523162842,0.0,3.0,1.0,1.0,150.0,600.0,324000.0,0.0,0.0,1.0,7.228818690495862,2160.0,0.0,2160.0,0.0,1.0,0.0,0.0,0.0,2160.0,4.0,0.0,0.0,0.0,1.0,1.0,4.444445150869976,0.0,0.0,0.0,0.0,DDOS,udp_flood.pcap
4.0,2160.0,0.9000000953674316,4.444443973494215,2399.999745686876,0.0,0.0,0.30000003178914386,3.746386137320332e-07,3.0,1.0,1.0,150.0,600.0,324000.0,0.0,0.0,1.0,7.228818690495862,2160.0,0.0,2160.0,0.0,1.0,0.0,0.0,0.0,2160.0,4.0,0.0,0.0,0.0,1.0,1.0,4.444443973494215,0.0,0.0,0.0,0.0,DDOS,udp_flood.pcap
4.0,2160.0,0.8999998569488525,4.444445150869976,2400.000381469787,0.0,0.0,0.2999999523162842,0.0,3.0,1.0,1.0,150.0,600.0,324000.0,0.0,0.0,1.0,7.228818690495862,2160.0,0.0,2160.0,0.0,1.0,0.0,0.0,0.0,2160.0,4.0,0.0,0.0,0.0,1.0,1.0,4.444445150869976,0.0,0.0,0.0,0.0,DDOS,udp_flood.pcap
4.0,2160.0,0.9000000953674316,4.444443973494215,2399.999745686876,0.0,0.0,0.30000003178914386,3.746386137320332e-07,3.0,1.0,1.0,150.0,600.0,324000.0,0.0,0.0,1.0,7.228818690495862,2160.0,0.0,2160.0,0.0,1.0,0.0,0.0,0.0,2160.0,4.0,0.0,0.0,0.0,1.0,1.0,4.444443973494215,0.0,0.0,0.0,0.0,DDOS,udp_flood.pcap
4.0,2160.0,0.9000000953674316,4.444443973494215,2399.999745686876,0.0,0.0,0.30000003178914386,3.746386137320332e-07,3.0,1.0,1.0,150.0,600.0,324000.0,0.0,0.0,1.0,7.228818690495862,2160.0,0.0,2160.0,0.0,1.0,0.0,0.0,0.0,2160.0,4.0,0.0,0.0,0.0,1.0,1.0,4.444443973494215,0.0,0.0,0.0,0.0,DDOS,udp_flood.pcap
4.0,2160.0,0.8999998569488525,4.444445150869976,2400.000381469787,0.0,0.0,0.2999999523162842,0.0,3.0,1.0,1.0,150.0,600.0,324000.0,0.0,0.0,1.0,7.228818690495862,2160.0,0.0,2160.0,0.0,1.0,0.0,0.0,0.0,2160.0,4.0,0.0,0.0,0.0,1.0,1.0,4.444445150869976,0.0,0.0,0.0,0.0,DDOS,udp_flood.pcap
4.0,2160.0,0.9000000953674316,4.444443973494215,2399.999745686876,0.0,0.0,0.30000003178914386,3.746386137320332e-07,3.0,1.0,1.0,150.0,600.0,324000.0,0.0,0.0,1.0,7.228818690495862,2160.0,0.0,2160.0,0.0,1.0,0.0,0.0,0.0,2160.0,4.0,0.0,0.0,0.0,1.0,1.0,4.444443973494215,0.0,0.0,0.0,0.0,DDOS,udp_flood.pcap
4.0,2160.0,0.9000000953674316,4.444443973494215,2399.999745686876,0.0,0.0,0.30000003178914386,3.746386137320332e-07,3.0,1.0,1.0,150.0,600.0,324000.0,0.0,0.0,1.0,7.228818690495862,2160.0,0.0,2160.0,0.0,1.0,0.0,0.0,0.0,2160.0,4.0,0.0,0.0,0.0,1.0,1.0,4.444443973494215,0.0,0.0,0.0,0.0,DDOS,udp_flood.pcap
4.0,2160.0,0.8999998569488525,4.444445150869976,2400.000381469787,0.0,0.0,0.2999999523162842,0.0,3.0,1.0,1.0,150.0,600.0,324000.0,0.0,0.0,1.0,7.228818690495862,2160.0,0.0,2160.0,0.0,1.0,0.0,0.0,0.0,2160.0,4.0,0.0,0.0,0.0,1.0,1.0,4.444445150869976,0.0,0.0,0.0,0.0,DDOS,udp_flood.pcap
4.0,2160.0,0.9000000953674316,4.444443973494215,2399.999745686876,0.0,0.0,0.30000003178914386,3.746386137320332e-07,3.0,1.0,1.0,150.0,600.0,324000.0,0.0,0.0,1.0,7.228818690495862,2160.0,0.0,2160.0,0.0,1.0,0.0,0.0,0.0,2160.0,4.0,0.0,0.0,0.0,1.0,1.0,4.444443973494215,0.0,0.0,0.0,0.0,DDOS,udp_flood.pcap
4.0,2160.0,0.8999998569488525,4.444445150869976,2400.000381469787,0.0,0.0,0.2999999523162842,0.0,3.0,1.0,1.0,150.0,600.0,324000.0,0.0,0.0,1.0,7.228818690495862,2160.0,0.0,2160.0,0.0,1.0,0.0,0.0,0.0,2160.0,4.0,0.0,0.0,0.0,1.0,1.0,4.444445150869976,0.0,0.0,0.0,0.0,DDOS,udp_flood.pcap
4.0,2160.0,0.9000000953674316,4.444443973494215,2399.999745686876,0.0,0.0,0.30000003178914386,3.746386137320332e-07,3.0,1.0,1.0,150.0,600.0,324000.0,0.0,0.0,1.0,7.228818690495862,2160.0,0.0,2160.0,0.0,1.0,0.0,0.0,0.0,2160.0,4.0,0.0,0.0,0.0,1.0,1.0,4.444443973494215,0.0,0.0,0.0,0.0,DDOS,udp_flood.pcap
4.0,2160.0,0.9000000953674316,4.444443973494215,2399.999745686876,0.0,0.0,0.30000003178914386,3.746386137320332e-07,3.0,1.0,1.0,150.0,600.0,324000.0,0.0,0.0,1.0,7.228818690495862,2160.0,0.0,2160.0,0.0,1.0,0.0,0.0,0.0,2160.0,4.0,0.0,0.0,0.0,1.0,1.0,4.444443973494215,0.0,0.0,0.0,0.0,DDOS,udp_flood.pcap
4.0,2160.0,0.8999998569488525,4.444445150869976,2400.000381469787,0.0,0.0,0.2999999523162842,0.0,3.0,1.0,1.0,150.0,600.0,324000.0,0.0,0.0,1.0,7.228818690495862,2160.0,0.0,2160.0,0.0,1.0,0.0,0.0,0.0,2160.0,4.0,0.0,0.0,0.0,1.0,1.0,4.444445150869976,0.0,0.0,0.0,0.0,DDOS,udp_flood.pcap
4.0,2160.0,0.9000000953674316,4.444443973494215,2399.999745686876,0.0,0.0,0.30000003178914386,3.746386137320332e-07,3.0,1.0,1.0,150.0,600.0,324000.0,0.0,0.0,1.0,7.228818690495862,2160.0,0.0,2160.0,0.0,1.0,0.0,0.0,0.0,2160.0,4.0,0.0,0.0,0.0,1.0,1.0,4.444443973494215,0.0,0.0,0.0,0.0,DDOS,udp_flood.pcap
4.0,2160.0,0.8999998569488525,4.444445150869976,2400.000381469787,0.0,0.0,0.2999999523162842,0.0,3.0,1.0,1.0,150.0,600.0,324000.0,0.0,0.0,1.0,7.228818690495862,2160.0,0.0,2160.0,0.0,1.0,0.0,0.0,0.0,2160.0,4.0,0.0,0.0,0.0,1.0,1.0,4.444445150869976,0.0,0.0,0.0,0.0,DDOS,udp_flood.pcap
4.0,2160.0,0.9000000953674316,4.444443973494215,2399.999745686876,0.0,0.0,0.30000003178914386,3.746386137320332e-07,3.0,1.0,1.0,150.0,600.0,324000.0,0.0,0.0,1.0,7.228818690495862,2160.0,0.0,2160.0,0.0,1.0,0.0,0.0,0.0,2160.0,4.0,0.0,0.0,0.0,1.0,1.0,4.444443973494215,0.0,0.0,0.0,0.0,DDOS,udp_flood.pcap
4.0,2160.0,0.9000000953674316,4.444443973494215,2399.999745686876,0.0,0.0,0.30000003178914386,3.746386137320332e-07,3.0,1.0,1.0,150.0,600.0,324000.0,0.0,0.0,1.0,7.228818690495862,2160.0,0.0,2160.0,0.0,1.0,0.0,0.0,0.0,2160.0,4.0,0.0,0.0,0.0,1.0,1.0,4.444443973494215,0.0,0.0,0.0,0.0,DDOS,udp_flood.pcap
4.0,2160.0,0.8999998569488525,4.444445150869976,2400.000381469787,0.0,0.0,0.2999999523162842,0.0,3.0,1.0,1.0,150.0,600.0,324000.0,0.0,0.0,1.0,7.228818690495862,2160.0,0.0,2160.0,0.0,1.0,0.0,0.0,0.0,2160.0,4.0,0.0,0.0,0.0,1.0,1.0,4.444445150869976,0.0,0.0,0.0,0.0,DDOS,udp_flood.pcap
4.0,2160.0,0.9000000953674316,4.444443973494215,2399.999745686876,0.0,0.0,0.30000003178914386,3.746386137320332e-07,3.0,1.0,1.0,150.0,600.0,324000.0,0.0,0.0,1.0,7.228818690495862,2160.0,0.0,2160.0,0.0,1.0,0.0,0.0,0.0,2160.0,4.0,0.0,0.0,0.0,1.0,1.0,4.444443973494215,0.0,0.0,0.0,0.0,DDOS,udp_flood.pcap
4.0,2160.0,0.8999998569488525,4.444445150869976,2400.000381469787,0.0,0.0,0.2999999523162842,0.0,3.0,1.0,1.0,150.0,600.0,324000.0,0.0,0.0,1.0,7.228818690495862,2160.0,0.0,2160.0,0.0,1.0,0.0,0.0,0.0,2160.0,4.0,0.0,0.0,0.0,1.0,1.0,4.444445150869976,0.0,0.0,0.0,0.0,DDOS,udp_flood.pcap
4.0,2160.0,0.9000000953674316,4.444443973494215,2399.999745686876,0.0,0.0,0.30000003178914386,3.746386137320332e-07,3.0,1.0,1.0,150.0,600.0,324000.0,0.0,0.0,1.0,7.228818690495862,2160.0,0.0,2160.0,0.0,1.0,0.0,0.0,0.0,2160.0,4.0,0.0,0.0,0.0,1.0,1.0,4.444443973494215,0.0,0.0,0.0,0.0,DDOS,udp_flood.pcap
4.0,2160.0,0.9000000953674316,4.444443973494215,2399.999745686876,0.0,0.0,0.30000003178914386,3.746386137320332e-07,3.0,1.0,1.0,150.0,600.0,324000.0,0.0,0.0,1.0,7.228818690495862,2160.0,0.0,2160.0,0.0,1.0,0.0,0.0,0.0,2160.0,4.0,0.0,0.0,0.0,1.0,1.0,4.444443973494215,0.0,0.0,0.0,0.0,DDOS,udp_flood.pcap
4.0,2160.0,0.8999998569488525,4.444445150869976,2400.000381469787,0.0,0.0,0.2999999523162842,0.0,3.0,1.0,1.0,150.0,600.0,324000.0,0.0,0.0,1.0,7.228818690495862,2160.0,0.0,2160.0,0.0,1.0,0.0,0.0,0.0,2160.0,4.0,0.0,0.0,0.0,1.0,1.0,4.444445150869976,0.0,0.0,0.0,0.0,DDOS,udp_flood.pcap
4.0,2160.0,0.9000000953674316,4.444443973494215,2399.999745686876,0.0,0.0,0.30000003178914386,3.746386137320332e-07,3.0,1.0,1.0,150.0,600.0,324000.0,0.0,0.0,1.0,7.228818690495862,2160.0,0.0,2160.0,0.0,1.0,0.0,0.0,0.0,2160.0,4.0,0.0,0.0,0.0,1.0,1.0,4.444443973494215,0.0,0.0,0.0,0.0,DDOS,udp_flood.pcap
4.0,2160.0,0.8999998569488525,4.444445150869976,2400.000381469787,0.0,0.0,0.2999999523162842,0.0,3.0,1.0,1.0,150.0,600.0,324000.0,0.0,0.0,1.0,7.228818690495862,2160.0,0.0,2160.0,0.0,1.0,0.0,0.0,0.0,2160.0,4.0,0.0,0.0,0.0,1.0,1.0,4.444445150869976,0.0,0.0,0.0,0.0,DDOS,udp_flood.pcap
4.0,2160.0,0.9000000953674316,4.444443973494215,2399.999745686876,0.0,0.0,0.30000003178914386,3.746386137320332e-07,3.0,1.0,1.0,150.0,600.0,324000.0,0.0,0.0,1.0,7.228818690495862,2160.0,0.0,2160.0,0.0,1.0,0.0,0.0,0.0,2160.0,4.0,0.0,0.0,0.0,1.0,1.0,4.444443973494215,0.0,0.0,0.0,0.0,DDOS,udp_flood.pcap
4.0,2160.0,0.9000000953674316,4.444443973494215,2399.999745686876,0.0,0.0,0.30000003178914386,3.746386137320332e-07,3.0,1.0,1.0,150.0,600.0,324000.0,0.0,0.0,1.0,7.228818690495862,2160.0,0.0,2160.0,0.0,1.0,0.0,0.0,0.0,2160.0,4.0,0.0,0.0,0.0,1.0,1.0,4.444443973494215,0.0,0.0,0.0,0.0,DDOS,udp_flood.pcap
4.0,2160.0,0.8999998569488525,4.444445150869976,2400.000381469787,0.0,0.0,0.2999999523162842,0.0,3.0,1.0,1.0,150.0,600.0,324000.0,0.0,0.0,1.0,7.228818690495862,2160.0,0.0,2160.0,0.0,1.0,0.0,0.0,0.0,2160.0,4.0,0.0,0.0,0.0,1.0,1.0,4.444445150869976,0.0,0.0,0.0,0.0,DDOS,udp_flood.pcap
4.0,2160.0,0.9000000953674316,4.444443973494215,2399.999745686876,0.0,0.0,0.30000003178914386,3.746386137320332e-07,3.0,1.0,1.0,150.0,600.0,324000.0,0.0,0.0,1.0,7.228818690495862,2160.0,0.0,2160.0,0.0,1.0,0.0,0.0,0.0,2160.0,4.0,0.0,0.0,0.0,1.0,1.0,4.444443973494215,0.0,0.0,0.0,0.0,DDOS,udp_flood.pcap
4.0,2160.0,0.8999998569488525,4.444445150869976,2400.000381469787,0.0,0.0,0.2999999523162842,0.0,3.0,1.0,1.0,150.0,600.0,324000.0,0.0,0.0,1.0,7.228818690495862,2160.0,0.0,2160.0,0.0,1.0,0.0,0.0,0.0,2160.0,4.0,0.0,0.0,0.0,1.0,1.0,4.444445150869976,0.0,0.0,0.0,0.0,DDOS,udp_flood.pcap
4.0,2160.0,0.8999998569488525,4.444445150869976,2400.000381469787,0.0,0.0,0.2999999523162842,0.0,3.0,1.0,1.0,150.0,600.0,324000.0,0.0,0.0,1.0,7.228818690495862,2160.0,0.0,2160.0,0.0,1.0,0.0,0.0,0.0,2160.0,4.0,0.0,0.0,0.0,1.0,1.0,4.444445150869976,0.0,0.0,0.0,0.0,DDOS,udp_flood.pcap
4.0,2160.0,0.9000000953674316,4.444443973494215,2399.999745686876,0.0,0.0,0.30000003178914386,3.746386137320332e-07,3.0,1.0,1.0,150.0,600.0,324000.0,0.0,0.0,1.0,7.228818690495862,2160.0,0.0,2160.0,0.0,1.0,0.0,0.0,0.0,2160.0,4.0,0.0,0.0,0.0,1.0,1.0,4.444443973494215,0.0,0.0,0.0,0.0,DDOS,udp_flood.pcap
4.0,2160.0,0.8999998569488525,4.444445150869976,2400.000381469787,0.0,0.0,0.2999999523162842,0.0,3.0,1.0,1.0,150.0,600.0,324000.0,0.0,0.0,1.0,7.228818690495862,2160.0,0.0,2160.0,0.0,1.0,0.0,0.0,0.0,2160.0,4.0,0.0,0.0,0.0,1.0,1.0,4.444445150869976,0.0,0.0,0.0,0.0,DDOS,udp_flood.pcap
4.0,2160.0,0.9000000953674316,4.444443973494215,2399.999745686876,0.0,0.0,0.30000003178914386,3.746386137320332e-07,3.0,1.0,1.0,150.0,600.0,324000.0,0.0,0.0,1.0,7.228818690495862,2160.0,0.0,2160.0,0.0,1.0,0.0,0.0,0.0,2160.0,4.0,0.0,0.0,0.0,1.0,1.0,4.444443973494215,0.0,0.0,0.0,0.0,DDOS,udp_flood.pcap
4.0,2160.0,0.9000000953674316,4.444443973494215,2399.999745686876,0.0,0.0,0.30000003178914386,3.746386137320332e-07,3.0,1.0,1.0,150.0,600.0,324000.0,0.0,0.0,1.0,7.228818690495862,2160.0,0.0,2160.0,0.0,1.0,0.0,0.0,0.0,2160.0,4.0,0.0,0.0,0.0,1.0,1.0,4.444443973494215,0.0,0.0,0.0,0.0,DDOS,udp_flood.pcap
4.0,2160.0,0.8999998569488525,4.444445150869976,2400.000381469787,0.0,0.0,0.2999999523162842,0.0,3.0,1.0,1.0,150.0,600.0,324000.0,0.0,0.0,1.0,7.228818690495862,2160.0,0.0,2160.0,0.0,1.0,0.0,0.0,0.0,2160.0,4.0,0.0,0.0,0.0,1.0,1.0,4.444445150869976,0.0,0.0,0.0,0.0,DDOS,udp_flood.pcap
4.0,2160.0,0.9000000953674316,4.444443973494215,2399.999745686876,0.0,0.0,0.30000003178914386,3.746386137320332e-07,3.0,1.0,1.0,150.0,600.0,324000.0,0.0,0.0,1.0,7.228818690495862,2160.0,0.0,2160.0,0.0,1.0,0.0,0.0,0.0,2160.0,4.0,0.0,0.0,0.0,1.0,1.0,4.444443973494215,0.0,0.0,0.0,0.0,DDOS,udp_flood.pcap
4.0,2160.0,0.8999998569488525,4.444445150869976,2400.000381469787,0.0,0.0,0.2999999523162842,0.0,3.0,1.0,1.0,150.0,600.0,324000.0,0.0,0.0,1.0,7.228818690495862,2160.0,0.0,2160.0,0.0,1.0,0.0,0.0,0.0,2160.0,4.0,0.0,0.0,0.0,1.0,1.0,4.444445150869976,0.0,0.0,0.0,0.0,DDOS,udp_flood.pcap
4.0,2160.0,0.9000000953674316,4.444443973494215,2399.999745686876,0.0,0.0,0.30000003178914386,3.746386137320332e-07,3.0,1.0,1.0,150.0,600.0,324000.0,0.0,0.0,1.0,7.228818690495862,2160.0,0.0,2160.0,0.0,1.0,0.0,0.0,0.0,2160.0,4.0,0.0,0.0,0.0,1.0,1.0,4.444443973494215,0.0,0.0,0.0,0.0,DDOS,udp_flood.pcap
4.0,2160.0,0.9000000953674316,4.444443973494215,2399.999745686876,0.0,0.0,0.30000003178914386,3.746386137320332e-07,3.0,1.0,1.0,150.0,600.0,324000.0,0.0,0.0,1.0,7.228818690495862,2160.0,0.0,2160.0,0.0,1.0,0.0,0.0,0.0,2160.0,4.0,0.0,0.0,0.0,1.0,1.0,4.444443973494215,0.0,0.0,0.0,0.0,DDOS,udp_flood.pcap
4.0,2160.0,0.8999998569488525,4.444445150869976,2400.000381469787,0.0,0.0,0.2999999523162842,0.0,3.0,1.0,1.0,150.0,600.0,324000.0,0.0,0.0,1.0,7.228818690495862,2160.0,0.0,2160.0,0.0,1.0,0.0,0.0,0.0,2160.0,4.0,0.0,0.0,0.0,1.0,1.0,4.444445150869976,0.0,0.0,0.0,0.0,DDOS,udp_flood.pcap
4.0,2160.0,0.9000000953674316,4.444443973494215,2399.999745686876,0.0,0.0,0.30000003178914386,3.746386137320332e-07,3.0,1.0,1.0,150.0,600.0,324000.0,0.0,0.0,1.0,7.228818690495862,2160.0,0.0,2160.0,0.0,1.0,0.0,0.0,0.0,2160.0,4.0,0.0,0.0,0.0,1.0,1.0,4.444443973494215,0.0,0.0,0.0,0.0,DDOS,udp_flood.pcap
4.0,2160.0,0.8999998569488525,4.444445150869976,2400.000381469787,0.0,0.0,0.2999999523162842,0.0,3.0,1.0,1.0,150.0,600.0,324000.0,0.0,0.0,1.0,7.228818690495862,2160.0,0.0,2160.0,0.0,1.0,0.0,0.0,0.0,2160.0,4.0,0.0,0.0,0.0,1.0,1.0,4.444445150869976,0.0,0.0,0.0,0.0,DDOS,udp_flood.pcap
4.0,2160.0,0.9000000953674316,4.444443973494215,2399.999745686876,0.0,0.0,0.30000003178914386,3.746386137320332e-07,3.0,1.0,1.0,150.0,600.0,324000.0,0.0,0.0,1.0,7.228818690495862,2160.0,0.0,2160.0,0.0,1.0,0.0,0.0,0.0,2160.0,4.0,0.0,0.0,0.0,1.0,1.0,4.444443973494215,0.0,0.0,0.0,0.0,DDOS,udp_flood.pcap
4.0,2160.0,0.9000000953674316,4.444443973494215,2399.999745686876,0.0,0.0,0.30000003178914386,3.746386137320332e-07,3.0,1.0,1.0,150.0,600.0,324000.0,0.0,0.0,1.0,7.228818690495862,2160.0,0.0,2160.0,0.0,1.0,0.0,0.0,0.0,2160.0,4.0,0.0,0.0,0.0,1.0,1.0,4.444443973494215,0.0,0.0,0.0,0.0,DDOS,udp_flood.pcap
4.0,2160.0,0.8999998569488525,4.444445150869976,2400.000381469787,0.0,0.0,0.2999999523162842,0.0,3.0,1.0,1.0,150.0,600.0,324000.0,0.0,0.0,1.0,7.228818690495862,2160.0,0.0,2160.0,0.0,1.0,0.0,0.0,0.0,2160.0,4.0,0.0,0.0,0.0,1.0,1.0,4.444445150869976,0.0,0.0,0.0,0.0,DDOS,udp_flood.pcap
4.0,2160.0,0.9000000953674316,4.444443973494215,2399.999745686876,0.0,0.0,0.30000003178914386,3.746386137320332e-07,3.0,1.0,1.0,150.0,600.0,324000.0,0.0,0.0,1.0,7.228818690495862,2160.0,0.0,2160.0,0.0,1.0,0.0,0.0,0.0,2160.0,4.0,0.0,0.0,0.0,1.0,1.0,4.444443973494215,0.0,0.0,0.0,0.0,DDOS,udp_flood.pcap
4.0,2160.0,0.8999998569488525,4.444445150869976,2400.000381469787,0.0,0.0,0.2999999523162842,0.0,3.0,1.0,1.0,150.0,600.0,324000.0,0.0,0.0,1.0,7.228818690495862,2160.0,0.0,2160.0,0.0,1.0,0.0,0.0,0.0,2160.0,4.0,0.0,0.0,0.0,1.0,1.0,4.444445150869976,0.0,0.0,0.0,0.0,DDOS,udp_flood.pcap
4.0,2160.0,0.9000000953674316,4.444443973494215,2399.999745686876,0.0,0.0,0.30000003178914386,3.746386137320332e-07,3.0,1.0,1.0,150.0,600.0,324000.0,0.0,0.0,1.0,7.228818690495862,2160.0,0.0,2160.0,0.0,1.0,0.0,0.0,0.0,2160.0,4.0,0.0,0.0,0.0,1.0,1.0,4.444443973494215,0.0,0.0,0.0,0.0,DDOS,udp_flood.pcap
4.0,2160.0,0.9000000953674316,4.444443973494215,2399.999745686876,0.0,0.0,0.30000003178914386,3.746386137320332e-07,3.0,1.0,1.0,150.0,600.0,324000.0,0.0,0.0,1.0,7.228818690495862,2160.0,0.0,2160.0,0.0,1.0,0.0,0.0,0.0,2160.0,4.0,0.0,0.0,0.0,1.0,1.0,4.444443973494215,0.0,0.0,0.0,0.0,DDOS,udp_flood.pcap
4.0,2160.0,0.8999998569488525,4.444445150869976,2400.000381469787,0.0,0.0,0.2999999523162842,0.0,3.0,1.0,1.0,150.0,600.0,324000.0,0.0,0.0,1.0,7.228818690495862,2160.0,0.0,2160.0,0.0,1.0,0.0,0.0,0.0,2160.0,4.0,0.0,0.0,0.0,1.0,1.0,4.444445150869976,0.0,0.0,0.0,0.0,DDOS,udp_flood.pcap
4.0,2160.0,0.9000000953674316,4.444443973494215,2399.999745686876,0.0,0.0,0.30000003178914386,3.746386137320332e-07,3.0,1.0,1.0,150.0,600.0,324000.0,0.0,0.0,1.0,7.228818690495862,2160.0,0.0,2160.0,0.0,1.0,0.0,0.0,0.0,2160.0,4.0,0.0,0.0,0.0,1.0,1.0,4.444443973494215,0.0,0.0,0.0,0.0,DDOS,udp_flood.pcap
4.0,2160.0,0.8999998569488525,4.444445150869976,2400.000381469787,0.0,0.0,0.2999999523162842,0.0,3.0,1.0,1.0,150.0,600.0,324000.0,0.0,0.0,1.0,7.228818690495862,2160.0,0.0,2160.0,0.0,1.0,0.0,0.0,0.0,2160.0,4.0,0.0,0.0,0.0,1.0,1.0,4.444445150869976,0.0,0.0,0.0,0.0,DDOS,udp_flood.pcap
4.0,192.0,16.100000143051147,0.24844720276144985,11.925465732549593,1.0,0.25,5.366666714350383,0.6939308597003088,3.0,1.0,1.0,1.0,100.0,4800.0,25.0,0.25,0.0,0.0,4800.0,0.0,4800.0,0.0,25.0,1.2000000476837158,0.050000001986821495,1.93651397178693e-06,192.0,0.0,0.0,0.0,0.0,1.0,0.0,0.0,0.0,0.0,0.0,0.0,DDOS,slowloris.pcap
4.0,192.0,16.09999990463257,0.24844720644060694,11.925465909149134,1.0,0.25,5.3666666348775225,0.6939308909189922,3.0,1.0,1.0,1.0,100.0,4800.0,25.0,0.25,0.0,0.0,4800.0,0.0,4800.0,0.0,25.0,1.2000000476837158,0.050000001986821495,1.93651397178693e-06,192.0,0.0,0.0,0.0,0.0,1.0,0.0,0.0,0.0,0.0,0.0,0.0,DDOS,slowloris.pcap
4.0,192.0,16.09999990463257,0.24844720644060694,11.925465909149134,1.0,0.25,5.3666666348775225,0.6939308909189922,3.0,1.0,1.0,1.0,100.0,4800.0,25.0,0.25,0.0,0.0,4800.0,0.0,4800.0,0.0,25.0,1.2000000476837158,0.050000001986821495,1.93651397178693e-06,192.0,0.0,0.0,0.0,0.0,1.0,0.0,0.0,0.0,0.0,0.0,0.0,DDOS,slowloris.pcap
4.0,192.0,16.09999990463257,0.24844720644060694,11.925465909149134,1.0,0.25,5.3666666348775225,0.6939308909189922,3.0,1.0,1.0,1.0,100.0,4800.0,25.0,0.25,0.0,0.0,4800.0,0.0,4800.0,0.0,25.0,1.2000000476837158,0.050000001986821495,1.93651397178693e-06,192.0,0.0,0.0,0.0,0.0,1.0,0.0,0.0,0.0,0.0,0.0,0.0,DDOS,slowloris.pcap
4.0,192.0,16.100000143051147,0.24844720276144985,11.925465732549593,1.0,0.25,5.366666714350383,0.6939308597003088,3.0,1.0,1.0,1.0,100.0,4800.0,25.0,0.25,0.0,0.0,4800.0,0.0,4800.0,0.0,25.0,1.2000000476837158,0.050000001986821495,1.93651397178693e-06,192.0,0.0,0.0,0.0,0.0,1.0,0.0,0.0,0.0,0.0,0.0,0.0,DDOS,slowloris.pcap
4.0,192.0,16.100000143051147,0.24844720276144985,11.925465732549593,1.0,0.25,5.366666714350383,0.6939308597003088,3.0,1.0,1.0,1.0,100.0,4800.0,25.0,0.25,0.0,0.0,4800.0,0.0,4800.0,0.0,25.0,1.2000000476837158,0.050000001986821495,1.93651397178693e-06,192.0,0.0,0.0,0.0,0.0,1.0,0.0,0.0,0.0,0.0,0.0,0.0,DDOS,slowloris.pcap
4.0,192.0,16.09999990463257,0.24844720644060694,11.925465909149134,1.0,0.25,5.3666666348775225,0.6939308909189922,3.0,1.0,1.0,1.0,100.0,4800.0,25.0,0.25,0.0,0.0,4800.0,0.0,4800.0,0.0,25.0,1.2000000476837158,0.050000001986821495,1.93651397178693e-06,192.0,0.0,0.0,0.0,0.0,1.0,0.0,0.0,0.0,0.0,0.0,0.0,DDOS,slowloris.pcap
4.0,192.0,16.09999990463257,0.24844720644060694,11.925465909149134,1.0,0.25,5.3666666348775225,0.6939308909189922,3.0,1.0,1.0,1.0,100.0,4800.0,25.0,0.25,0.0,0.0,4800.0,0.0,4800.0,0.0,25.0,1.2000000476837158,0.050000001986821495,1.93651397178693e-06,192.0,0.0,0.0,0.0,0.0,1.0,0.0,0.0,0.0,0.0,0.0,0.0,DDOS,slowloris.pcap
4.0,192.0,16.09999990463257,0.24844720644060694,11.925465909149134,1.0,0.25,5.3666666348775225,0.6939308909189922,3.0,1.0,1.0,1.0,100.0,4800.0,25.0,0.25,0.0,0.0,4800.0,0.0,4800.0,0.0,25.0,1.2000000476837158,0.050000001986821495,1.93651397178693e-06,192.0,0.0,0.0,0.0,0.0,1.0,0.0,0.0,0.0,0.0,0.0,0.0,DDOS,slowloris.pcap
4.0,192.0,16.100000143051147,0.24844720276144985,11.925465732549593,1.0,0.25,5.366666714350383,0.6939308597003088,3.0,1.0,1.0,1.0,100.0,4800.0,25.0,0.25,0.0,0.0,4800.0,0.0,4800.0,0.0,25.0,1.2000000476837158,0.050000001986821495,1.93651397178693e-06,192.0,0.0,0.0,0.0,0.0,1.0,0.0,0.0,0.0,0.0,0.0,0.0,DDOS,slowloris.pcap
4.0,192.0,16.100000143051147,0.24844720276144985,11.925465732549593,1.0,0.25,5.366666714350383,0.6939308597003088,3.0,1.0,1.0,1.0,100.0,4800.0,25.0,0.25,0.0,0.0,4800.0,0.0,4800.0,0.0,25.0,1.2000000476837158,0.050000001986821495,1.93651397178693e-06,192.0,0.0,0.0,0.0,0.0,1.0,0.0,0.0,0.0,0.0,0.0,0.0,DDOS,slowloris.pcap
4.0,192.0,16.09999990463257,0.24844720644060694,11.925465909149134,1.0,0.25,5.3666666348775225,0.6939308909189922,3.0,1.0,1.0,1.0,100.0,4800.0,25.0,0.25,0.0,0.0,4800.0,0.0,4800.0,0.0,25.0,1.2000000476837158,0.050000001986821495,1.93651397178693e-06,192.0,0.0,0.0,0.0,0.0,1.0,0.0,0.0,0.0,0.0,0.0,0.0,DDOS,slowloris.pcap
4.0,192.0,16.09999990463257,0.24844720644060694,11.925465909149134,1.0,0.25,5.3666666348775225,0.6939308909189922,3.0,1.0,1.0,1.0,100.0,4800.0,25.0,0.25,0.0,0.0,4800.0,0.0,4800.0,0.0,25.0,1.2000000476837158,0.050000001986821495,1.93651397178693e-06,192.0,0.0,0.0,0.0,0.0,1.0,0.0,0.0,0.0,0.0,0.0,0.0,DDOS,slowloris.pcap
4.0,192.0,16.09999990463257,0.24844720644060694,11.925465909149134,1.0,0.25,5.3666666348775225,0.6939308909189922,3.0,1.0,1.0,1.0,100.0,4800.0,25.0,0.25,0.0,0.0,4800.0,0.0,4800.0,0.0,25.0,1.2000000476837158,0.050000001986821495,1.93651397178693e-06,192.0,0.0,0.0,0.0,0.0,1.0,0.0,0.0,0.0,0.0,0.0,0.0,DDOS,slowloris.pcap
4.0,192.0,16.100000143051147,0.24844720276144985,11.925465732549593,1.0,0.25,5.366666714350383,0.6939308597003088,3.0,1.0,1.0,1.0,100.0,4800.0,25.0,0.25,0.0,0.0,4800.0,0.0,4800.0,0.0,25.0,1.2000000476837158,0.050000001986821495,1.93651397178693e-06,192.0,0.0,0.0,0.0,0.0,1.0,0.0,0.0,0.0,0.0,0.0,0.0,DDOS,slowloris.pcap
4.0,192.0,16.100000143051147,0.24844720276144985,11.925465732549593,1.0,0.25,5.366666714350383,0.6939308597003088,3.0,1.0,1.0,1.0,100.0,4800.0,25.0,0.25,0.0,0.0,4800.0,0.0,4800.0,0.0,25.0,1.2000000476837158,0.050000001986821495,1.93651397178693e-06,192.0,0.0,0.0,0.0,0.0,1.0,0.0,0.0,0.0,0.0,0.0,0.0,DDOS,slowloris.pcap
4.0,192.0,16.09999990463257,0.24844720644060694,11.925465909149134,1.0,0.25,5.3666666348775225,0.6939308909189922,3.0,1.0,1.0,1.0,100.0,4800.0,25.0,0.25,0.0,0.0,4800.0,0.0,4800.0,0.0,25.0,1.2000000476837158,0.050000001986821495,1.93651397178693e-06,192.0,0.0,0.0,0.0,0.0,1.0,0.0,0.0,0.0,0.0,0.0,0.0,DDOS,slowloris.pcap
4.0,192.0,16.09999990463257,0.24844720644060694,11.925465909149134,1.0,0.25,5.3666666348775225,0.6939308909189922,3.0,1.0,1.0,1.0,100.0,4800.0,25.0,0.25,0.0,0.0,4800.0,0.0,4800.0,0.0,25.0,1.2000000476837158,0.050000001986821495,1.93651397178693e-06,192.0,0.0,0.0,0.0,0.0,1.0,0.0,0.0,0.0,0.0,0.0,0.0,DDOS,slowloris.pcap
4.0,192.0,16.09999990463257,0.24844720644060694,11.925465909149134,1.0,0.25,5.3666666348775225,0.6939308909189922,3.0,1.0,1.0,1.0,100.0,4800.0,25.0,0.25,0.0,0.0,4800.0,0.0,4800.0,0.0,25.0,1.2000000476837158,0.050000001986821495,1.93651397178693e-06,192.0,0.0,0.0,0.0,0.0,1.0,0.0,0.0,0.0,0.0,0.0,0.0,DDOS,slowloris.pcap
4.0,192.0,16.100000143051147,0.24844720276144985,11.925465732549593,1.0,0.25,5.366666714350383,0.6939308597003088,3.0,1.0,1.0,1.0,100.0,4800.0,25.0,0.25,0.0,0.0,4800.0,0.0,4800.0,0.0,25.0,1.2000000476837158,0.050000001986821495,1.93651397178693e-06,192.0,0.0,0.0,0.0,0.0,1.0,0.0,0.0,0.0,0.0,0.0,0.0,DDOS,slowloris.pcap
4.0,192.0,16.100000143051147,0.24844720276144985,11.925465732549593,1.0,0.25,5.366666714350383,0.6939308597003088,3.0,1.0,1.0,1.0,100.0,4800.0,25.0,0.25,0.0,0.0,4800.0,0.0,4800.0,0.0,25.0,1.2000000476837158,0.050000001986821495,1.93651397178693e-06,192.0,0.0,0.0,0.0,0.0,1.0,0.0,0.0,0.0,0.0,0.0,0.0,DDOS,slowloris.pcap
4.0,192.0,16.09999990463257,0.24844720644060694,11.925465909149134,1.0,0.25,5.3666666348775225,0.6939308909189922,3.0,1.0,1.0,1.0,100.0,4800.0,25.0,0.25,0.0,0.0,4800.0,0.0,4800.0,0.0,25.0,1.2000000476837158,0.050000001986821495,1.93651397178693e-06,192.0,0.0,0.0,0.0,0.0,1.0,0.0,0.0,0.0,0.0,0.0,0.0,DDOS,slowloris.pcap
4.0,192.0,16.09999990463257,0.24844720644060694,11.925465909149134,1.0,0.25,5.3666666348775225,0.6939308909189922,3.0,1.0,1.0,1.0,100.0,4800.0,25.0,0.25,0.0,0.0,4800.0,0.0,4800.0,0.0,25.0,1.2000000476837158,0.050000001986821495,1.93651397178693e-06,192.0,0.0,0.0,0.0,0.0,1.0,0.0,0.0,0.0,0.0,0.0,0.0,DDOS,slowloris.pcap
4.0,192.0,16.09999990463257,0.24844720644060694,11.925465909149134,1.0,0.25,5.3666666348775225,0.6939308909189922,3.0,1.0,1.0,1.0,100.0,4800.0,25.0,0.25,0.0,0.0,4800.0,0.0,4800.0,0.0,25.0,1.2000000476837158,0.050000001986821495,1.93651397178693e-06,192.0,0.0,0.0,0.0,0.0,1.0,0.0,0.0,0.0,0.0,0.0,0.0,DDOS,slowloris.pcap
4.0,192.0,16.100000143051147,0.24844720276144985,11.925465732549593,1.0,0.25,5.366666714350383,0.6939308597003088,3.0,1.0,1.0,1.0,100.0,4800.0,25.0,0.25,0.0,0.0,4800.0,0.0,4800.0,0.0,25.0,1.2000000476837158,0.050000001986821495,1.93651397178693e-06,192.0,0.0,0.0,0.0,0.0,1.0,0.0,0.0,0.0,0.0,0.0,0.0,DDOS,slowloris.pcap
1.0,40.0,0.001,1000.0,40000.0,1.0,1.0,0.0,0.0,0.0,100.0,1.0,1.0,100.0,4000.0,100.0,1.0,0.0,0.0,4000.0,0.0,4000.0,0.0,1.0,0.0,0.0,0.0,40.0,0.0,0.0,0.0,0.0,1.0,0.0,0.0,0.0,0.0,0.0,0.0,PORT_SCAN,port_scan.pcap
1.0,40.0,0.001,1000.0,40000.0,1.0,1.0,0.0,0.0,0.0,100.0,1.0,1.0,100.0,4000.0,100.0,1.0,0.0,0.0,4000.0,0.0,4000.0,0.0,1.0,0.0,0.0,0.0,40.0,0.0,0.0,0.0,0.0,1.0,0.0,0.0,0.0,0.0,0.0,0.0,PORT_SCAN,port_scan.pcap
1.0,40.0,0.001,1000.0,40000.0,1.0,1.0,0.0,0.0,0.0,100.0,1.0,1.0,100.0,4000.0,100.0,1.0,0.0,0.0,4000.0,0.0,4000.0,0.0,1.0,0.0,0.0,0.0,40.0,0.0,0.0,0.0,0.0,1.0,0.0,0.0,0.0,0.0,0.0,0.0,PORT_SCAN,port_scan.pcap
1.0,40.0,0.001,1000.0,40000.0,1.0,1.0,0.0,0.0,0.0,100.0,1.0,1.0,100.0,4000.0,100.0,1.0,0.0,0.0,4000.0,0.0,4000.0,0.0,1.0,0.0,0.0,0.0,40.0,0.0,0.0,0.0,0.0,1.0,0.0,0.0,0.0,0.0,0.0,0.0,PORT_SCAN,port_scan.pcap
1.0,40.0,0.001,1000.0,40000.0,1.0,1.0,0.0,0.0,0.0,100.0,1.0,1.0,100.0,4000.0,100.0,1.0,0.0,0.0,4000.0,0.0,4000.0,0.0,1.0,0.0,0.0,0.0,40.0,0.0,0.0,0.0,0.0,1.0,0.0,0.0,0.0,0.0,0.0,0.0,PORT_SCAN,port_scan.pcap
1.0,40.0,0.001,1000.0,40000.0,1.0,1.0,0.0,0.0,0.0,100.0,1.0,1.0,100.0,4000.0,100.0,1.0,0.0,0.0,4000.0,0.0,4000.0,0.0,1.0,0.0,0.0,0.0,40.0,0.0,0.0,0.0,0.0,1.0,0.0,0.0,0.0,0.0,0.0,0.0,PORT_SCAN,port_scan.pcap
1.0,40.0,0.001,1000.0,40000.0,1.0,1.0,0.0,0.0,0.0,100.0,1.0,1.0,100.0,4000.0,100.0,1.0,0.0,0.0,4000.0,0.0,4000.0,0.0,1.0,0.0,0.0,0.0,40.0,0.0,0.0,0.0,0.0,1.0,0.0,0.0,0.0,0.0,0.0,0.0,PORT_SCAN,port_scan.pcap
1.0,40.0,0.001,1000.0,40000.0,1.0,1.0,0.0,0.0,0.0,100.0,1.0,1.0,100.0,4000.0,100.0,1.0,0.0,0.0,4000.0,0.0,4000.0,0.0,1.0,0.0,0.0,0.0,40.0,0.0,0.0,0.0,0.0,1.0,0.0,0.0,0.0,0.0,0.0,0.0,PORT_SCAN,port_scan.pcap
1.0,40.0,0.001,1000.0,40000.0,1.0,1.0,0.0,0.0,0.0,100.0,1.0,1.0,100.0,4000.0,100.0,1.0,0.0,0.0,4000.0,0.0,4000.0,0.0,1.0,0.0,0.0,0.0,40.0,0.0,0.0,0.0,0.0,1.0,0.0,0.0,0.0,0.0,0.0,0.0,PORT_SCAN,port_scan.pcap
1.0,40.0,0.001,1000.0,40000.0,1.0,1.0,0.0,0.0,0.0,100.0,1.0,1.0,100.0,4000.0,100.0,1.0,0.0,0.0,4000.0,0.0,4000.0,0.0,1.0,0.0,0.0,0.0,40.0,0.0,0.0,0.0,0.0,1.0,0.0,0.0,0.0,0.0,0.0,0.0,PORT_SCAN,port_scan.pcap
1.0,40.0,0.001,1000.0,40000.0,1.0,1.0,0.0,0.0,0.0,100.0,1.0,1.0,100.0,4000.0,100.0,1.0,0.0,0.0,4000.0,0.0,4000.0,0.0,1.0,0.0,0.0,0.0,40.0,0.0,0.0,0.0,0.0,1.0,0.0,0.0,0.0,0.0,0.0,0.0,PORT_SCAN,port_scan.pcap
1.0,40.0,0.001,1000.0,40000.0,1.0,1.0,0.0,0.0,0.0,100.0,1.0,1.0,100.0,4000.0,100.0,1.0,0.0,0.0,4000.0,0.0,4000.0,0.0,1.0,0.0,0.0,0.0,40.0,0.0,0.0,0.0,0.0,1.0,0.0,0.0,0.0,0.0,0.0,0.0,PORT_SCAN,port_scan.pcap
1.0,40.0,0.001,1000.0,40000.0,1.0,1.0,0.0,0.0,0.0,100.0,1.0,1.0,100.0,4000.0,100.0,1.0,0.0,0.0,4000.0,0.0,4000.0,0.0,1.0,0.0,0.0,0.0,40.0,0.0,0.0,0.0,0.0,1.0,0.0,0.0,0.0,0.0,0.0,0.0,PORT_SCAN,port_scan.pcap
1.0,40.0,0.001,1000.0,40000.0,1.0,1.0,0.0,0.0,0.0,100.0,1.0,1.0,100.0,4000.0,100.0,1.0,0.0,0.0,4000.0,0.0,4000.0,0.0,1.0,0.0,0.0,0.0,40.0,0.0,0.0,0.0,0.0,1.0,0.0,0.0,0.0,0.0,0.0,0.0,PORT_SCAN,port_scan.pcap
1.0,40.0,0.001,1000.0,40000.0,1.0,1.0,0.0,0.0,0.0,100.0,1.0,1.0,100.0,4000.0,100.0,1.0,0.0,0.0,4000.0,0.0,4000.0,0.0,1.0,0.0,0.0,0.0,40.0,0.0,0.0,0.0,0.0,1.0,0.0,0.0,0.0,0.0,0.0,0.0,PORT_SCAN,port_scan.pcap
1.0,40.0,0.001,1000.0,40000.0,1.0,1.0,0.0,0.0,0.0,100.0,1.0,1.0,100.0,4000.0,100.0,1.0,0.0,0.0,4000.0,0.0,4000.0,0.0,1.0,0.0,0.0,0.0,40.0,0.0,0.0,0.0,0.0,1.0,0.0,0.0,0.0,0.0,0.0,0.0,PORT_SCAN,port_scan.pcap
1.0,40.0,0.001,1000.0,40000.0,1.0,1.0,0.0,0.0,0.0,100.0,1.0,1.0,100.0,4000.0,100.0,1.0,0.0,0.0,4000.0,0.0,4000.0,0.0,1.0,0.0,0.0,0.0,40.0,0.0,0.0,0.0,0.0,1.0,0.0,0.0,0.0,0.0,0.0,0.0,PORT_SCAN,port_scan.pcap
1.0,40.0,0.001,1000.0,40000.0,1.0,1.0,0.0,0.0,0.0,100.0,1.0,1.0,100.0,4000.0,100.0,1.0,0.0,0.0,4000.0,0.0,4000.0,0.0,1.0,0.0,0.0,0.0,40.0,0.0,0.0,0.0,0.0,1.0,0.0,0.0,0.0,0.0,0.0,0.0,PORT_SCAN,port_scan.pcap
1.0,40.0,0.001,1000.0,40000.0,1.0,1.0,0.0,0.0,0.0,100.0,1.0,1.0,100.0,4000.0,100.0,1.0,0.0,0.0,4000.0,0.0,4000.0,0.0,1.0,0.0,0.0,0.0,40.0,0.0,0.0,0.0,0.0,1.0,0.0,0.0,0.0,0.0,0.0,0.0,PORT_SCAN,port_scan.pcap
1.0,40.0,0.001,1000.0,40000.0,1.0,1.0,0.0,0.0,0.0,100.0,1.0,1.0,100.0,4000.0,100.0,1.0,0.0,0.0,4000.0,0.0,4000.0,0.0,1.0,0.0,0.0,0.0,40.0,0.0,0.0,0.0,0.0,1.0,0.0,0.0,0.0,0.0,0.0,0.0,PORT_SCAN,port_scan.pcap
1.0,40.0,0.001,1000.0,40000.0,1.0,1.0,0.0,0.0,0.0,100.0,1.0,1.0,100.0,4000.0,100.0,1.0,0.0,0.0,4000.0,0.0,4000.0,0.0,1.0,0.0,0.0,0.0,40.0,0.0,0.0,0.0,0.0,1.0,0.0,0.0,0.0,0.0,0.0,0.0,PORT_SCAN,port_scan.pcap
1.0,40.0,0.001,1000.0,40000.0,1.0,1.0,0.0,0.0,0.0,100.0,1.0,1.0,100.0,4000.0,100.0,1.0,0.0,0.0,4000.0,0.0,4000.0,0.0,1.0,0.0,0.0,0.0,40.0,0.0,0.0,0.0,0.0,1.0,0.0,0.0,0.0,0.0,0.0,0.0,PORT_SCAN,port_scan.pcap
1.0,40.0,0.001,1000.0,40000.0,1.0,1.0,0.0,0.0,0.0,100.0,1.0,1.0,100.0,4000.0,100.0,1.0,0.0,0.0,4000.0,0.0,4000.0,0.0,1.0,0.0,0.0,0.0,40.0,0.0,0.0,0.0,0.0,1.0,0.0,0.0,0.0,0.0,0.0,0.0,PORT_SCAN,port_scan.pcap
1.0,40.0,0.001,1000.0,40000.0,1.0,1.0,0.0,0.0,0.0,100.0,1.0,1.0,100.0,4000.0,100.0,1.0,0.0,0.0,4000.0,0.0,4000.0,0.0,1.0,0.0,0.0,0.0,40.0,0.0,0.0,0.0,0.0,1.0,0.0,0.0,0.0,0.0,0.0,0.0,PORT_SCAN,port_scan.pcap
1.0,40.0,0.001,1000.0,40000.0,1.0,1.0,0.0,0.0,0.0,100.0,1.0,1.0,100.0,4000.0,100.0,1.0,0.0,0.0,4000.0,0.0,4000.0,0.0,1.0,0.0,0.0,0.0,40.0,0.0,0.0,0.0,0.0,1.0,0.0,0.0,0.0,0.0,0.0,0.0,PORT_SCAN,port_scan.pcap
1.0,40.0,0.001,1000.0,40000.0,1.0,1.0,0.0,0.0,0.0,100.0,1.0,1.0,100.0,4000.0,100.0,1.0,0.0,0.0,4000.0,0.0,4000.0,0.0,1.0,0.0,0.0,0.0,40.0,0.0,0.0,0.0,0.0,1.0,0.0,0.0,0.0,0.0,0.0,0.0,PORT_SCAN,port_scan.pcap
1.0,40.0,0.001,1000.0,40000.0,1.0,1.0,0.0,0.0,0.0,100.0,1.0,1.0,100.0,4000.0,100.0,1.0,0.0,0.0,4000.0,0.0,4000.0,0.0,1.0,0.0,0.0,0.0,40.0,0.0,0.0,0.0,0.0,1.0,0.0,0.0,0.0,0.0,0.0,0.0,PORT_SCAN,port_scan.pcap
1.0,40.0,0.001,1000.0,40000.0,1.0,1.0,0.0,0.0,0.0,100.0,1.0,1.0,100.0,4000.0,100.0,1.0,0.0,0.0,4000.0,0.0,4000.0,0.0,1.0,0.0,0.0,0.0,40.0,0.0,0.0,0.0,0.0,1.0,0.0,0.0,0.0,0.0,0.0,0.0,PORT_SCAN,port_scan.pcap
1.0,40.0,0.001,1000.0,40000.0,1.0,1.0,0.0,0.0,0.0,100.0,1.0,1.0,100.0,4000.0,100.0,1.0,0.0,0.0,4000.0,0.0,4000.0,0.0,1.0,0.0,0.0,0.0,40.0,0.0,0.0,0.0,0.0,1.0,0.0,0.0,0.0,0.0,0.0,0.0,PORT_SCAN,port_scan.pcap
1.0,40.0,0.001,1000.0,40000.0,1.0,1.0,0.0,0.0,0.0,100.0,1.0,1.0,100.0,4000.0,100.0,1.0,0.0,0.0,4000.0,0.0,4000.0,0.0,1.0,0.0,0.0,0.0,40.0,0.0,0.0,0.0,0.0,1.0,0.0,0.0,0.0,0.0,0.0,0.0,PORT_SCAN,port_scan.pcap
1.0,40.0,0.001,1000.0,40000.0,1.0,1.0,0.0,0.0,0.0,100.0,1.0,1.0,100.0,4000.0,100.0,1.0,0.0,0.0,4000.0,0.0,4000.0,0.0,1.0,0.0,0.0,0.0,40.0,0.0,0.0,0.0,0.0,1.0,0.0,0.0,0.0,0.0,0.0,0.0,PORT_SCAN,port_scan.pcap
1.0,40.0,0.001,1000.0,40000.0,1.0,1.0,0.0,0.0,0.0,100.0,1.0,1.0,100.0,4000.0,100.0,1.0,0.0,0.0,4000.0,0.0,4000.0,0.0,1.0,0.0,0.0,0.0,40.0,0.0,0.0,0.0,0.0,1.0,0.0,0.0,0.0,0.0,0.0,0.0,PORT_SCAN,port_scan.pcap
1.0,40.0,0.001,1000.0,40000.0,1.0,1.0,0.0,0.0,0.0,100.0,1.0,1.0,100.0,4000.0,100.0,1.0,0.0,0.0,4000.0,0.0,4000.0,0.0,1.0,0.0,0.0,0.0,40.0,0.0,0.0,0.0,0.0,1.0,0.0,0.0,0.0,0.0,0.0,0.0,PORT_SCAN,port_scan.pcap
1.0,40.0,0.001,1000.0,40000.0,1.0,1.0,0.0,0.0,0.0,100.0,1.0,1.0,100.0,4000.0,100.0,1.0,0.0,0.0,4000.0,0.0,4000.0,0.0,1.0,0.0,0.0,0.0,40.0,0.0,0.0,0.0,0.0,1.0,0.0,0.0,0.0,0.0,0.0,0.0,PORT_SCAN,port_scan.pcap
1.0,40.0,0.001,1000.0,40000.0,1.0,1.0,0.0,0.0,0.0,100.0,1.0,1.0,100.0,4000.0,100.0,1.0,0.0,0.0,4000.0,0.0,4000.0,0.0,1.0,0.0,0.0,0.0,40.0,0.0,0.0,0.0,0.0,1.0,0.0,0.0,0.0,0.0,0.0,0.0,PORT_SCAN,port_scan.pcap
1.0,40.0,0.001,1000.0,40000.0,1.0,1.0,0.0,0.0,0.0,100.0,1.0,1.0,100.0,4000.0,100.0,1.0,0.0,0.0,4000.0,0.0,4000.0,0.0,1.0,0.0,0.0,0.0,40.0,0.0,0.0,0.0,0.0,1.0,0.0,0.0,0.0,0.0,0.0,0.0,PORT_SCAN,port_scan.pcap
1.0,40.0,0.001,1000.0,40000.0,1.0,1.0,0.0,0.0,0.0,100.0,1.0,1.0,100.0,4000.0,100.0,1.0,0.0,0.0,4000.0,0.0,4000.0,0.0,1.0,0.0,0.0,0.0,40.0,0.0,0.0,0.0,0.0,1.0,0.0,0.0,0.0,0.0,0.0,0.0,PORT_SCAN,port_scan.pcap
1.0,40.0,0.001,1000.0,40000.0,1.0,1.0,0.0,0.0,0.0,100.0,1.0,1.0,100.0,4000.0,100.0,1.0,0.0,0.0,4000.0,0.0,4000.0,0.0,1.0,0.0,0.0,0.0,40.0,0.0,0.0,0.0,0.0,1.0,0.0,0.0,0.0,0.0,0.0,0.0,PORT_SCAN,port_scan.pcap
1.0,40.0,0.001,1000.0,40000.0,1.0,1.0,0.0,0.0,0.0,100.0,1.0,1.0,100.0,4000.0,100.0,1.0,0.0,0.0,4000.0,0.0,4000.0,0.0,1.0,0.0,0.0,0.0,40.0,0.0,0.0,0.0,0.0,1.0,0.0,0.0,0.0,0.0,0.0,0.0,PORT_SCAN,port_scan.pcap
1.0,40.0,0.001,1000.0,40000.0,1.0,1.0,0.0,0.0,0.0,100.0,1.0,1.0,100.0,4000.0,100.0,1.0,0.0,0.0,4000.0,0.0,4000.0,0.0,1.0,0.0,0.0,0.0,40.0,0.0,0.0,0.0,0.0,1.0,0.0,0.0,0.0,0.0,0.0,0.0,PORT_SCAN,port_scan.pcap
1.0,40.0,0.001,1000.0,40000.0,1.0,1.0,0.0,0.0,0.0,100.0,1.0,1.0,100.0,4000.0,100.0,1.0,0.0,0.0,4000.0,0.0,4000.0,0.0,1.0,0.0,0.0,0.0,40.0,0.0,0.0,0.0,0.0,1.0,0.0,0.0,0.0,0.0,0.0,0.0,PORT_SCAN,port_scan.pcap
1.0,40.0,0.001,1000.0,40000.0,1.0,1.0,0.0,0.0,0.0,100.0,1.0,1.0,100.0,4000.0,100.0,1.0,0.0,0.0,4000.0,0.0,4000.0,0.0,1.0,0.0,0.0,0.0,40.0,0.0,0.0,0.0,0.0,1.0,0.0,0.0,0.0,0.0,0.0,0.0,PORT_SCAN,port_scan.pcap
1.0,40.0,0.001,1000.0,40000.0,1.0,1.0,0.0,0.0,0.0,100.0,1.0,1.0,100.0,4000.0,100.0,1.0,0.0,0.0,4000.0,0.0,4000.0,0.0,1.0,0.0,0.0,0.0,40.0,0.0,0.0,0.0,0.0,1.0,0.0,0.0,0.0,0.0,0.0,0.0,PORT_SCAN,port_scan.pcap
1.0,40.0,0.001,1000.0,40000.0,1.0,1.0,0.0,0.0,0.0,100.0,1.0,1.0,100.0,4000.0,100.0,1.0,0.0,0.0,4000.0,0.0,4000.0,0.0,1.0,0.0,0.0,0.0,40.0,0.0,0.0,0.0,0.0,1.0,0.0,0.0,0.0,0.0,0.0,0.0,PORT_SCAN,port_scan.pcap
1.0,40.0,0.001,1000.0,40000.0,1.0,1.0,0.0,0.0,0.0,100.0,1.0,1.0,100.0,4000.0,100.0,1.0,0.0,0.0,4000.0,0.0,4000.0,0.0,1.0,0.0,0.0,0.0,40.0,0.0,0.0,0.0,0.0,1.0,0.0,0.0,0.0,0.0,0.0,0.0,PORT_SCAN,port_scan.pcap
1.0,40.0,0.001,1000.0,40000.0,1.0,1.0,0.0,0.0,0.0,100.0,1.0,1.0,100.0,4000.0,100.0,1.0,0.0,0.0,4000.0,0.0,4000.0,0.0,1.0,0.0,0.0,0.0,40.0,0.0,0.0,0.0,0.0,1.0,0.0,0.0,0.0,0.0,0.0,0.0,PORT_SCAN,port_scan.pcap
1.0,40.0,0.001,1000.0,40000.0,1.0,1.0,0.0,0.0,0.0,100.0,1.0,1.0,100.0,4000.0,100.0,1.0,0.0,0.0,4000.0,0.0,4000.0,0.0,1.0,0.0,0.0,0.0,40.0,0.0,0.0,0.0,0.0,1.0,0.0,0.0,0.0,0.0,0.0,0.0,PORT_SCAN,port_scan.pcap
1.0,40.0,0.001,1000.0,40000.0,1.0,1.0,0.0,0.0,0.0,100.0,1.0,1.0,100.0,4000.0,100.0,1.0,0.0,0.0,4000.0,0.0,4000.0,0.0,1.0,0.0,0.0,0.0,40.0,0.0,0.0,0.0,0.0,1.0,0.0,0.0,0.0,0.0,0.0,0.0,PORT_SCAN,port_scan.pcap
1.0,40.0,0.001,1000.0,40000.0,1.0,1.0,0.0,0.0,0.0,100.0,1.0,1.0,100.0,4000.0,100.0,1.0,0.0,0.0,4000.0,0.0,4000.0,0.0,1.0,0.0,0.0,0.0,40.0,0.0,0.0,0.0,0.0,1.0,0.0,0.0,0.0,0.0,0.0,0.0,PORT_SCAN,port_scan.pcap
1.0,40.0,0.001,1000.0,40000.0,1.0,1.0,0.0,0.0,0.0,100.0,1.0,1.0,100.0,4000.0,100.0,1.0,0.0,0.0,4000.0,0.0,4000.0,0.0,1.0,0.0,0.0,0.0,40.0,0.0,0.0,0.0,0.0,1.0,0.0,0.0,0.0,0.0,0.0,0.0,PORT_SCAN,port_scan.pcap
1.0,40.0,0.001,1000.0,40000.0,1.0,1.0,0.0,0.0,0.0,100.0,1.0,1.0,100.0,4000.0,100.0,1.0,0.0,0.0,4000.0,0.0,4000.0,0.0,1.0,0.0,0.0,0.0,40.0,0.0,0.0,0.0,0.0,1.0,0.0,0.0,0.0,0.0,0.0,0.0,PORT_SCAN,port_scan.pcap
1.0,40.0,0.001,1000.0,40000.0,1.0,1.0,0.0,0.0,0.0,100.0,1.0,1.0,100.0,4000.0,100.0,1.0,0.0,0.0,4000.0,0.0,4000.0,0.0,1.0,0.0,0.0,0.0,40.0,0.0,0.0,0.0,0.0,1.0,0.0,0.0,0.0,0.0,0.0,0.0,PORT_SCAN,port_scan.pcap
1.0,40.0,0.001,1000.0,40000.0,1.0,1.0,0.0,0.0,0.0,100.0,1.0,1.0,100.0,4000.0,100.0,1.0,0.0,0.0,4000.0,0.0,4000.0,0.0,1.0,0.0,0.0,0.0,40.0,0.0,0.0,0.0,0.0,1.0,0.0,0.0,0.0,0.0,0.0,0.0,PORT_SCAN,port_scan.pcap
1.0,40.0,0.001,1000.0,40000.0,1.0,1.0,0.0,0.0,0.0,100.0,1.0,1.0,100.0,4000.0,100.0,1.0,0.0,0.0,4000.0,0.0,4000.0,0.0,1.0,0.0,0.0,0.0,40.0,0.0,0.0,0.0,0.0,1.0,0.0,0.0,0.0,0.0,0.0,0.0,PORT_SCAN,port_scan.pcap
1.0,40.0,0.001,1000.0,40000.0,1.0,1.0,0.0,0.0,0.0,100.0,1.0,1.0,100.0,4000.0,100.0,1.0,0.0,0.0,4000.0,0.0,4000.0,0.0,1.0,0.0,0.0,0.0,40.0,0.0,0.0,0.0,0.0,1.0,0.0,0.0,0.0,0.0,0.0,0.0,PORT_SCAN,port_scan.pcap
1.0,40.0,0.001,1000.0,40000.0,1.0,1.0,0.0,0.0,0.0,100.0,1.0,1.0,100.0,4000.0,100.0,1.0,0.0,0.0,4000.0,0.0,4000.0,0.0,1.0,0.0,0.0,0.0,40.0,0.0,0.0,0.0,0.0,1.0,0.0,0.0,0.0,0.0,0.0,0.0,PORT_SCAN,port_scan.pcap
1.0,40.0,0.001,1000.0,40000.0,1.0,1.0,0.0,0.0,0.0,100.0,1.0,1.0,100.0,4000.0,100.0,1.0,0.0,0.0,4000.0,0.0,4000.0,0.0,1.0,0.0,0.0,0.0,40.0,0.0,0.0,0.0,0.0,1.0,0.0,0.0,0.0,0.0,0.0,0.0,PORT_SCAN,port_scan.pcap
1.0,40.0,0.001,1000.0,40000.0,1.0,1.0,0.0,0.0,0.0,100.0,1.0,1.0,100.0,4000.0,100.0,1.0,0.0,0.0,4000.0,0.0,4000.0,0.0,1.0,0.0,0.0,0.0,40.0,0.0,0.0,0.0,0.0,1.0,0.0,0.0,0.0,0.0,0.0,0.0,PORT_SCAN,port_scan.pcap
1.0,40.0,0.001,1000.0,40000.0,1.0,1.0,0.0,0.0,0.0,100.0,1.0,1.0,100.0,4000.0,100.0,1.0,0.0,0.0,4000.0,0.0,4000.0,0.0,1.0,0.0,0.0,0.0,40.0,0.0,0.0,0.0,0.0,1.0,0.0,0.0,0.0,0.0,0.0,0.0,PORT_SCAN,port_scan.pcap
1.0,40.0,0.001,1000.0,40000.0,1.0,1.0,0.0,0.0,0.0,100.0,1.0,1.0,100.0,4000.0,100.0,1.0,0.0,0.0,4000.0,0.0,4000.0,0.0,1.0,0.0,0.0,0.0,40.0,0.0,0.0,0.0,0.0,1.0,0.0,0.0,0.0,0.0,0.0,0.0,PORT_SCAN,port_scan.pcap
1.0,40.0,0.001,1000.0,40000.0,1.0,1.0,0.0,0.0,0.0,100.0,1.0,1.0,100.0,4000.0,100.0,1.0,0.0,0.0,4000.0,0.0,4000.0,0.0,1.0,0.0,0.0,0.0,40.0,0.0,0.0,0.0,0.0,1.0,0.0,0.0,0.0,0.0,0.0,0.0,PORT_SCAN,port_scan.pcap
1.0,40.0,0.001,1000.0,40000.0,1.0,1.0,0.0,0.0,0.0,100.0,1.0,1.0,100.0,4000.0,100.0,1.0,0.0,0.0,4000.0,0.0,4000.0,0.0,1.0,0.0,0.0,0.0,40.0,0.0,0.0,0.0,0.0,1.0,0.0,0.0,0.0,0.0,0.0,0.0,PORT_SCAN,port_scan.pcap
1.0,40.0,0.001,1000.0,40000.0,1.0,1.0,0.0,0.0,0.0,100.0,1.0,1.0,100.0,4000.0,100.0,1.0,0.0,0.0,4000.0,0.0,4000.0,0.0,1.0,0.0,0.0,0.0,40.0,0.0,0.0,0.0,0.0,1.0,0.0,0.0,0.0,0.0,0.0,0.0,PORT_SCAN,port_scan.pcap
1.0,40.0,0.001,1000.0,40000.0,1.0,1.0,0.0,0.0,0.0,100.0,1.0,1.0,100.0,4000.0,100.0,1.0,0.0,0.0,4000.0,0.0,4000.0,0.0,1.0,0.0,0.0,0.0,40.0,0.0,0.0,0.0,0.0,1.0,0.0,0.0,0.0,0.0,0.0,0.0,PORT_SCAN,port_scan.pcap
1.0,40.0,0.001,1000.0,40000.0,1.0,1.0,0.0,0.0,0.0,100.0,1.0,1.0,100.0,4000.0,100.0,1.0,0.0,0.0,4000.0,0.0,4000.0,0.0,1.0,0.0,0.0,0.0,40.0,0.0,0.0,0.0,0.0,1.0,0.0,0.0,0.0,0.0,0.0,0.0,PORT_SCAN,port_scan.pcap
1.0,40.0,0.001,1000.0,40000.0,1.0,1.0,0.0,0.0,0.0,100.0,1.0,1.0,100.0,4000.0,100.0,1.0,0.0,0.0,4000.0,0.0,4000.0,0.0,1.0,0.0,0.0,0.0,40.0,0.0,0.0,0.0,0.0,1.0,0.0,0.0,0.0,0.0,0.0,0.0,PORT_SCAN,port_scan.pcap
1.0,40.0,0.001,1000.0,40000.0,1.0,1.0,0.0,0.0,0.0,100.0,1.0,1.0,100.0,4000.0,100.0,1.0,0.0,0.0,4000.0,0.0,4000.0,0.0,1.0,0.0,0.0,0.0,40.0,0.0,0.0,0.0,0.0,1.0,0.0,0.0,0.0,0.0,0.0,0.0,PORT_SCAN,port_scan.pcap
1.0,40.0,0.001,1000.0,40000.0,1.0,1.0,0.0,0.0,0.0,100.0,1.0,1.0,100.0,4000.0,100.0,1.0,0.0,0.0,4000.0,0.0,4000.0,0.0,1.0,0.0,0.0,0.0,40.0,0.0,0.0,0.0,0.0,1.0,0.0,0.0,0.0,0.0,0.0,0.0,PORT_SCAN,port_scan.pcap
1.0,40.0,0.001,1000.0,40000.0,1.0,1.0,0.0,0.0,0.0,100.0,1.0,1.0,100.0,4000.0,100.0,1.0,0.0,0.0,4000.0,0.0,4000.0,0.0,1.0,0.0,0.0,0.0,40.0,0.0,0.0,0.0,0.0,1.0,0.0,0.0,0.0,0.0,0.0,0.0,PORT_SCAN,port_scan.pcap
1.0,40.0,0.001,1000.0,40000.0,1.0,1.0,0.0,0.0,0.0,100.0,1.0,1.0,100.0,4000.0,100.0,1.0,0.0,0.0,4000.0,0.0,4000.0,0.0,1.0,0.0,0.0,0.0,40.0,0.0,0.0,0.0,0.0,1.0,0.0,0.0,0.0,0.0,0.0,0.0,PORT_SCAN,port_scan.pcap
1.0,40.0,0.001,1000.0,40000.0,1.0,1.0,0.0,0.0,0.0,100.0,1.0,1.0,100.0,4000.0,100.0,1.0,0.0,0.0,4000.0,0.0,4000.0,0.0,1.0,0.0,0.0,0.0,40.0,0.0,0.0,0.0,0.0,1.0,0.0,0.0,0.0,0.0,0.0,0.0,PORT_SCAN,port_scan.pcap
1.0,40.0,0.001,1000.0,40000.0,1.0,1.0,0.0,0.0,0.0,100.0,1.0,1.0,100.0,4000.0,100.0,1.0,0.0,0.0,4000.0,0.0,4000.0,0.0,1.0,0.0,0.0,0.0,40.0,0.0,0.0,0.0,0.0,1.0,0.0,0.0,0.0,0.0,0.0,0.0,PORT_SCAN,port_scan.pcap
1.0,40.0,0.001,1000.0,40000.0,1.0,1.0,0.0,0.0,0.0,100.0,1.0,1.0,100.0,4000.0,100.0,1.0,0.0,0.0,4000.0,0.0,4000.0,0.0,1.0,0.0,0.0,0.0,40.0,0.0,0.0,0.0,0.0,1.0,0.0,0.0,0.0,0.0,0.0,0.0,PORT_SCAN,port_scan.pcap
1.0,40.0,0.001,1000.0,40000.0,1.0,1.0,0.0,0.0,0.0,100.0,1.0,1.0,100.0,4000.0,100.0,1.0,0.0,0.0,4000.0,0.0,4000.0,0.0,1.0,0.0,0.0,0.0,40.0,0.0,0.0,0.0,0.0,1.0,0.0,0.0,0.0,0.0,0.0,0.0,PORT_SCAN,port_scan.pcap
1.0,40.0,0.001,1000.0,40000.0,1.0,1.0,0.0,0.0,0.0,100.0,1.0,1.0,100.0,4000.0,100.0,1.0,0.0,0.0,4000.0,0.0,4000.0,0.0,1.0,0.0,0.0,0.0,40.0,0.0,0.0,0.0,0.0,1.0,0.0,0.0,0.0,0.0,0.0,0.0,PORT_SCAN,port_scan.pcap
1.0,40.0,0.001,1000.0,40000.0,1.0,1.0,0.0,0.0,0.0,100.0,1.0,1.0,100.0,4000.0,100.0,1.0,0.0,0.0,4000.0,0.0,4000.0,0.0,1.0,0.0,0.0,0.0,40.0,0.0,0.0,0.0,0.0,1.0,0.0,0.0,0.0,0.0,0.0,0.0,PORT_SCAN,port_scan.pcap
1.0,40.0,0.001,1000.0,40000.0,1.0,1.0,0.0,0.0,0.0,100.0,1.0,1.0,100.0,4000.0,100.0,1.0,0.0,0.0,4000.0,0.0,4000.0,0.0,1.0,0.0,0.0,0.0,40.0,0.0,0.0,0.0,0.0,1.0,0.0,0.0,0.0,0.0,0.0,0.0,PORT_SCAN,port_scan.pcap
1.0,40.0,0.001,1000.0,40000.0,1.0,1.0,0.0,0.0,0.0,100.0,1.0,1.0,100.0,4000.0,100.0,1.0,0.0,0.0,4000.0,0.0,4000.0,0.0,1.0,0.0,0.0,0.0,40.0,0.0,0.0,0.0,0.0,1.0,0.0,0.0,0.0,0.0,0.0,0.0,PORT_SCAN,port_scan.pcap
1.0,40.0,0.001,1000.0,40000.0,1.0,1.0,0.0,0.0,0.0,100.0,1.0,1.0,100.0,4000.0,100.0,1.0,0.0,0.0,4000.0,0.0,4000.0,0.0,1.0,0.0,0.0,0.0,40.0,0.0,0.0,0.0,0.0,1.0,0.0,0.0,0.0,0.0,0.0,0.0,PORT_SCAN,port_scan.pcap
1.0,40.0,0.001,1000.0,40000.0,1.0,1.0,0.0,0.0,0.0,100.0,1.0,1.0,100.0,4000.0,100.0,1.0,0.0,0.0,4000.0,0.0,4000.0,0.0,1.0,0.0,0.0,0.0,40.0,0.0,0.0,0.0,0.0,1.0,0.0,0.0,0.0,0.0,0.0,0.0,PORT_SCAN,port_scan.pcap
1.0,40.0,0.001,1000.0,40000.0,1.0,1.0,0.0,0.0,0.0,100.0,1.0,1.0,100.0,4000.0,100.0,1.0,0.0,0.0,4000.0,0.0,4000.0,0.0,1.0,0.0,0.0,0.0,40.0,0.0,0.0,0.0,0.0,1.0,0.0,0.0,0.0,0.0,0.0,0.0,PORT_SCAN,port_scan.pcap
1.0,40.0,0.001,1000.0,40000.0,1.0,1.0,0.0,0.0,0.0,100.0,1.0,1.0,100.0,4000.0,100.0,1.0,0.0,0.0,4000.0,0.0,4000.0,0.0,1.0,0.0,0.0,0.0,40.0,0.0,0.0,0.0,0.0,1.0,0.0,0.0,0.0,0.0,0.0,0.0,PORT_SCAN,port_scan.pcap
1.0,40.0,0.001,1000.0,40000.0,1.0,1.0,0.0,0.0,0.0,100.0,1.0,1.0,100.0,4000.0,100.0,1.0,0.0,0.0,4000.0,0.0,4000.0,0.0,1.0,0.0,0.0,0.0,40.0,0.0,0.0,0.0,0.0,1.0,0.0,0.0,0.0,0.0,0.0,0.0,PORT_SCAN,port_scan.pcap
1.0,40.0,0.001,1000.0,40000.0,1.0,1.0,0.0,0.0,0.0,100.0,1.0,1.0,100.0,4000.0,100.0,1.0,0.0,0.0,4000.0,0.0,4000.0,0.0,1.0,0.0,0.0,0.0,40.0,0.0,0.0,0.0,0.0,1.0,0.0,0.0,0.0,0.0,0.0,0.0,PORT_SCAN,port_scan.pcap
1.0,40.0,0.001,1000.0,40000.0,1.0,1.0,0.0,0.0,0.0,100.0,1.0,1.0,100.0,4000.0,100.0,1.0,0.0,0.0,4000.0,0.0,4000.0,0.0,1.0,0.0,0.0,0.0,40.0,0.0,0.0,0.0,0.0,1.0,0.0,0.0,0.0,0.0,0.0,0.0,PORT_SCAN,port_scan.pcap
1.0,40.0,0.001,1000.0,40000.0,1.0,1.0,0.0,0.0,0.0,100.0,1.0,1.0,100.0,4000.0,100.0,1.0,0.0,0.0,4000.0,0.0,4000.0,0.0,1.0,0.0,0.0,0.0,40.0,0.0,0.0,0.0,0.0,1.0,0.0,0.0,0.0,0.0,0.0,0.0,PORT_SCAN,port_scan.pcap
1.0,40.0,0.001,1000.0,40000.0,1.0,1.0,0.0,0.0,0.0,100.0,1.0,1.0,100.0,4000.0,100.0,1.0,0.0,0.0,4000.0,0.0,4000.0,0.0,1.0,0.0,0.0,0.0,40.0,0.0,0.0,0.0,0.0,1.0,0.0,0.0,0.0,0.0,0.0,0.0,PORT_SCAN,port_scan.pcap
1.0,40.0,0.001,1000.0,40000.0,1.0,1.0,0.0,0.0,0.0,100.0,1.0,1.0,100.0,4000.0,100.0,1.0,0.0,0.0,4000.0,0.0,4000.0,0.0,1.0,0.0,0.0,0.0,40.0,0.0,0.0,0.0,0.0,1.0,0.0,0.0,0.0,0.0,0.0,0.0,PORT_SCAN,port_scan.pcap
1.0,40.0,0.001,1000.0,40000.0,1.0,1.0,0.0,0.0,0.0,100.0,1.0,1.0,100.0,4000.0,100.0,1.0,0.0,0.0,4000.0,0.0,4000.0,0.0,1.0,0.0,0.0,0.0,40.0,0.0,0.0,0.0,0.0,1.0,0.0,0.0,0.0,0.0,0.0,0.0,PORT_SCAN,port_scan.pcap
1.0,40.0,0.001,1000.0,40000.0,1.0,1.0,0.0,0.0,0.0,100.0,1.0,1.0,100.0,4000.0,100.0,1.0,0.0,0.0,4000.0,0.0,4000.0,0.0,1.0,0.0,0.0,0.0,40.0,0.0,0.0,0.0,0.0,1.0,0.0,0.0,0.0,0.0,0.0,0.0,PORT_SCAN,port_scan.pcap
1.0,40.0,0.001,1000.0,40000.0,1.0,1.0,0.0,0.0,0.0,100.0,1.0,1.0,100.0,4000.0,100.0,1.0,0.0,0.0,4000.0,0.0,4000.0,0.0,1.0,0.0,0.0,0.0,40.0,0.0,0.0,0.0,0.0,1.0,0.0,0.0,0.0,0.0,0.0,0.0,PORT_SCAN,port_scan.pcap
1.0,40.0,0.001,1000.0,40000.0,1.0,1.0,0.0,0.0,0.0,100.0,1.0,1.0,100.0,4000.0,100.0,1.0,0.0,0.0,4000.0,0.0,4000.0,0.0,1.0,0.0,0.0,0.0,40.0,0.0,0.0,0.0,0.0,1.0,0.0,0.0,0.0,0.0,0.0,0.0,PORT_SCAN,port_scan.pcap
1.0,40.0,0.001,1000.0,40000.0,1.0,1.0,0.0,0.0,0.0,100.0,1.0,1.0,100.0,4000.0,100.0,1.0,0.0,0.0,4000.0,0.0,4000.0,0.0,1.0,0.0,0.0,0.0,40.0,0.0,0.0,0.0,0.0,1.0,0.0,0.0,0.0,0.0,0.0,0.0,PORT_SCAN,port_scan.pcap
1.0,40.0,0.001,1000.0,40000.0,1.0,1.0,0.0,0.0,0.0,100.0,1.0,1.0,100.0,4000.0,100.0,1.0,0.0,0.0,4000.0,0.0,4000.0,0.0,1.0,0.0,0.0,0.0,40.0,0.0,0.0,0.0,0.0,1.0,0.0,0.0,0.0,0.0,0.0,0.0,PORT_SCAN,port_scan.pcap
1.0,40.0,0.001,1000.0,40000.0,1.0,1.0,0.0,0.0,0.0,100.0,1.0,1.0,100.0,4000.0,100.0,1.0,0.0,0.0,4000.0,0.0,4000.0,0.0,1.0,0.0,0.0,0.0,40.0,0.0,0.0,0.0,0.0,1.0,0.0,0.0,0.0,0.0,0.0,0.0,PORT_SCAN,port_scan.pcap
1.0,40.0,0.001,1000.0,40000.0,1.0,1.0,0.0,0.0,0.0,100.0,1.0,1.0,100.0,4000.0,100.0,1.0,0.0,0.0,4000.0,0.0,4000.0,0.0,1.0,0.0,0.0,0.0,40.0,0.0,0.0,0.0,0.0,1.0,0.0,0.0,0.0,0.0,0.0,0.0,PORT_SCAN,port_scan.pcap
1.0,40.0,0.001,1000.0,40000.0,1.0,1.0,0.0,0.0,0.0,100.0,1.0,1.0,100.0,4000.0,100.0,1.0,0.0,0.0,4000.0,0.0,4000.0,0.0,1.0,0.0,0.0,0.0,40.0,0.0,0.0,0.0,0.0,1.0,0.0,0.0,0.0,0.0,0.0,0.0,PORT_SCAN,port_scan.pcap
1.0,40.0,0.001,1000.0,40000.0,1.0,1.0,0.0,0.0,0.0,100.0,1.0,1.0,100.0,4000.0,100.0,1.0,0.0,0.0,4000.0,0.0,4000.0,0.0,1.0,0.0,0.0,0.0,40.0,0.0,0.0,0.0,0.0,1.0,0.0,0.0,0.0,0.0,0.0,0.0,PORT_SCAN,port_scan.pcap
1.0,40.0,0.001,1000.0,40000.0,1.0,1.0,0.0,0.0,0.0,100.0,1.0,1.0,100.0,4000.0,100.0,1.0,0.0,0.0,4000.0,0.0,4000.0,0.0,1.0,0.0,0.0,0.0,40.0,0.0,0.0,0.0,0.0,1.0,0.0,0.0,0.0,0.0,0.0,0.0,PORT_SCAN,port_scan.pcap
1.0,40.0,0.001,1000.0,40000.0,1.0,1.0,0.0,0.0,0.0,100.0,1.0,1.0,100.0,4000.0,100.0,1.0,0.0,0.0,4000.0,0.0,4000.0,0.0,1.0,0.0,0.0,0.0,40.0,0.0,0.0,0.0,0.0,1.0,0.0,0.0,0.0,0.0,0.0,0.0,PORT_SCAN,port_scan.pcap
1.0,40.0,0.001,1000.0,40000.0,1.0,1.0,0.0,0.0,0.0,1.0,35.0,1.0,1.0,40.0,1.0,1.0,0.0,0.0,40.0,0.0,40.0,0.0,1.0,0.0,0.0,0.0,40.0,0.0,0.0,0.0,0.0,1.0,0.0,0.0,0.0,0.0,0.0,0.0,PORT_SCAN,host_sweep.pcap
1.0,40.0,0.001,1000.0,40000.0,1.0,1.0,0.0,0.0,0.0,1.0,35.0,1.0,1.0,40.0,1.0,1.0,0.0,0.0,40.0,0.0,40.0,0.0,1.0,0.0,0.0,0.0,40.0,0.0,0.0,0.0,0.0,1.0,0.0,0.0,0.0,0.0,0.0,0.0,PORT_SCAN,host_sweep.pcap
1.0,40.0,0.001,1000.0,40000.0,1.0,1.0,0.0,0.0,0.0,1.0,35.0,1.0,1.0,40.0,1.0,1.0,0.0,0.0,40.0,0.0,40.0,0.0,1.0,0.0,0.0,0.0,40.0,0.0,0.0,0.0,0.0,1.0,0.0,0.0,0.0,0.0,0.0,0.0,PORT_SCAN,host_sweep.pcap
1.0,40.0,0.001,1000.0,40000.0,1.0,1.0,0.0,0.0,0.0,1.0,35.0,1.0,1.0,40.0,1.0,1.0,0.0,0.0,40.0,0.0,40.0,0.0,1.0,0.0,0.0,0.0,40.0,0.0,0.0,0.0,0.0,1.0,0.0,0.0,0.0,0.0,0.0,0.0,PORT_SCAN,host_sweep.pcap
1.0,40.0,0.001,1000.0,40000.0,1.0,1.0,0.0,0.0,0.0,1.0,35.0,1.0,1.0,40.0,1.0,1.0,0.0,0.0,40.0,0.0,40.0,0.0,1.0,0.0,0.0,0.0,40.0,0.0,0.0,0.0,0.0,1.0,0.0,0.0,0.0,0.0,0.0,0.0,PORT_SCAN,host_sweep.pcap
1.0,40.0,0.001,1000.0,40000.0,1.0,1.0,0.0,0.0,0.0,1.0,35.0,1.0,1.0,40.0,1.0,1.0,0.0,0.0,40.0,0.0,40.0,0.0,1.0,0.0,0.0,0.0,40.0,0.0,0.0,0.0,0.0,1.0,0.0,0.0,0.0,0.0,0.0,0.0,PORT_SCAN,host_sweep.pcap
1.0,40.0,0.001,1000.0,40000.0,1.0,1.0,0.0,0.0,0.0,1.0,35.0,1.0,1.0,40.0,1.0,1.0,0.0,0.0,40.0,0.0,40.0,0.0,1.0,0.0,0.0,0.0,40.0,0.0,0.0,0.0,0.0,1.0,0.0,0.0,0.0,0.0,0.0,0.0,PORT_SCAN,host_sweep.pcap
1.0,40.0,0.001,1000.0,40000.0,1.0,1.0,0.0,0.0,0.0,1.0,35.0,1.0,1.0,40.0,1.0,1.0,0.0,0.0,40.0,0.0,40.0,0.0,1.0,0.0,0.0,0.0,40.0,0.0,0.0,0.0,0.0,1.0,0.0,0.0,0.0,0.0,0.0,0.0,PORT_SCAN,host_sweep.pcap
1.0,40.0,0.001,1000.0,40000.0,1.0,1.0,0.0,0.0,0.0,1.0,35.0,1.0,1.0,40.0,1.0,1.0,0.0,0.0,40.0,0.0,40.0,0.0,1.0,0.0,0.0,0.0,40.0,0.0,0.0,0.0,0.0,1.0,0.0,0.0,0.0,0.0,0.0,0.0,PORT_SCAN,host_sweep.pcap
1.0,40.0,0.001,1000.0,40000.0,1.0,1.0,0.0,0.0,0.0,1.0,35.0,1.0,1.0,40.0,1.0,1.0,0.0,0.0,40.0,0.0,40.0,0.0,1.0,0.0,0.0,0.0,40.0,0.0,0.0,0.0,0.0,1.0,0.0,0.0,0.0,0.0,0.0,0.0,PORT_SCAN,host_sweep.pcap
1.0,40.0,0.001,1000.0,40000.0,1.0,1.0,0.0,0.0,0.0,1.0,35.0,1.0,1.0,40.0,1.0,1.0,0.0,0.0,40.0,0.0,40.0,0.0,1.0,0.0,0.0,0.0,40.0,0.0,0.0,0.0,0.0,1.0,0.0,0.0,0.0,0.0,0.0,0.0,PORT_SCAN,host_sweep.pcap
1.0,40.0,0.001,1000.0,40000.0,1.0,1.0,0.0,0.0,0.0,1.0,35.0,1.0,1.0,40.0,1.0,1.0,0.0,0.0,40.0,0.0,40.0,0.0,1.0,0.0,0.0,0.0,40.0,0.0,0.0,0.0,0.0,1.0,0.0,0.0,0.0,0.0,0.0,0.0,PORT_SCAN,host_sweep.pcap
1.0,40.0,0.001,1000.0,40000.0,1.0,1.0,0.0,0.0,0.0,1.0,35.0,1.0,1.0,40.0,1.0,1.0,0.0,0.0,40.0,0.0,40.0,0.0,1.0,0.0,0.0,0.0,40.0,0.0,0.0,0.0,0.0,1.0,0.0,0.0,0.0,0.0,0.0,0.0,PORT_SCAN,host_sweep.pcap
1.0,40.0,0.001,1000.0,40000.0,1.0,1.0,0.0,0.0,0.0,1.0,35.0,1.0,1.0,40.0,1.0,1.0,0.0,0.0,40.0,0.0,40.0,0.0,1.0,0.0,0.0,0.0,40.0,0.0,0.0,0.0,0.0,1.0,0.0,0.0,0.0,0.0,0.0,0.0,PORT_SCAN,host_sweep.pcap
1.0,40.0,0.001,1000.0,40000.0,1.0,1.0,0.0,0.0,0.0,1.0,35.0,1.0,1.0,40.0,1.0,1.0,0.0,0.0,40.0,0.0,40.0,0.0,1.0,0.0,0.0,0.0,40.0,0.0,0.0,0.0,0.0,1.0,0.0,0.0,0.0,0.0,0.0,0.0,PORT_SCAN,host_sweep.pcap
1.0,40.0,0.001,1000.0,40000.0,1.0,1.0,0.0,0.0,0.0,1.0,35.0,1.0,1.0,40.0,1.0,1.0,0.0,0.0,40.0,0.0,40.0,0.0,1.0,0.0,0.0,0.0,40.0,0.0,0.0,0.0,0.0,1.0,0.0,0.0,0.0,0.0,0.0,0.0,PORT_SCAN,host_sweep.pcap
1.0,40.0,0.001,1000.0,40000.0,1.0,1.0,0.0,0.0,0.0,1.0,35.0,1.0,1.0,40.0,1.0,1.0,0.0,0.0,40.0,0.0,40.0,0.0,1.0,0.0,0.0,0.0,40.0,0.0,0.0,0.0,0.0,1.0,0.0,0.0,0.0,0.0,0.0,0.0,PORT_SCAN,host_sweep.pcap
1.0,40.0,0.001,1000.0,40000.0,1.0,1.0,0.0,0.0,0.0,1.0,35.0,1.0,1.0,40.0,1.0,1.0,0.0,0.0,40.0,0.0,40.0,0.0,1.0,0.0,0.0,0.0,40.0,0.0,0.0,0.0,0.0,1.0,0.0,0.0,0.0,0.0,0.0,0.0,PORT_SCAN,host_sweep.pcap
1.0,40.0,0.001,1000.0,40000.0,1.0,1.0,0.0,0.0,0.0,1.0,35.0,1.0,1.0,40.0,1.0,1.0,0.0,0.0,40.0,0.0,40.0,0.0,1.0,0.0,0.0,0.0,40.0,0.0,0.0,0.0,0.0,1.0,0.0,0.0,0.0,0.0,0.0,0.0,PORT_SCAN,host_sweep.pcap
1.0,40.0,0.001,1000.0,40000.0,1.0,1.0,0.0,0.0,0.0,1.0,35.0,1.0,1.0,40.0,1.0,1.0,0.0,0.0,40.0,0.0,40.0,0.0,1.0,0.0,0.0,0.0,40.0,0.0,0.0,0.0,0.0,1.0,0.0,0.0,0.0,0.0,0.0,0.0,PORT_SCAN,host_sweep.pcap
1.0,40.0,0.001,1000.0,40000.0,1.0,1.0,0.0,0.0,0.0,1.0,35.0,1.0,1.0,40.0,1.0,1.0,0.0,0.0,40.0,0.0,40.0,0.0,1.0,0.0,0.0,0.0,40.0,0.0,0.0,0.0,0.0,1.0,0.0,0.0,0.0,0.0,0.0,0.0,PORT_SCAN,host_sweep.pcap
1.0,40.0,0.001,1000.0,40000.0,1.0,1.0,0.0,0.0,0.0,1.0,35.0,1.0,1.0,40.0,1.0,1.0,0.0,0.0,40.0,0.0,40.0,0.0,1.0,0.0,0.0,0.0,40.0,0.0,0.0,0.0,0.0,1.0,0.0,0.0,0.0,0.0,0.0,0.0,PORT_SCAN,host_sweep.pcap
1.0,40.0,0.001,1000.0,40000.0,1.0,1.0,0.0,0.0,0.0,1.0,35.0,1.0,1.0,40.0,1.0,1.0,0.0,0.0,40.0,0.0,40.0,0.0,1.0,0.0,0.0,0.0,40.0,0.0,0.0,0.0,0.0,1.0,0.0,0.0,0.0,0.0,0.0,0.0,PORT_SCAN,host_sweep.pcap
1.0,40.0,0.001,1000.0,40000.0,1.0,1.0,0.0,0.0,0.0,1.0,35.0,1.0,1.0,40.0,1.0,1.0,0.0,0.0,40.0,0.0,40.0,0.0,1.0,0.0,0.0,0.0,40.0,0.0,0.0,0.0,0.0,1.0,0.0,0.0,0.0,0.0,0.0,0.0,PORT_SCAN,host_sweep.pcap
1.0,40.0,0.001,1000.0,40000.0,1.0,1.0,0.0,0.0,0.0,1.0,35.0,1.0,1.0,40.0,1.0,1.0,0.0,0.0,40.0,0.0,40.0,0.0,1.0,0.0,0.0,0.0,40.0,0.0,0.0,0.0,0.0,1.0,0.0,0.0,0.0,0.0,0.0,0.0,PORT_SCAN,host_sweep.pcap
1.0,40.0,0.001,1000.0,40000.0,1.0,1.0,0.0,0.0,0.0,1.0,35.0,1.0,1.0,40.0,1.0,1.0,0.0,0.0,40.0,0.0,40.0,0.0,1.0,0.0,0.0,0.0,40.0,0.0,0.0,0.0,0.0,1.0,0.0,0.0,0.0,0.0,0.0,0.0,PORT_SCAN,host_sweep.pcap
1.0,40.0,0.001,1000.0,40000.0,1.0,1.0,0.0,0.0,0.0,1.0,35.0,1.0,1.0,40.0,1.0,1.0,0.0,0.0,40.0,0.0,40.0,0.0,1.0,0.0,0.0,0.0,40.0,0.0,0.0,0.0,0.0,1.0,0.0,0.0,0.0,0.0,0.0,0.0,PORT_SCAN,host_sweep.pcap
1.0,40.0,0.001,1000.0,40000.0,1.0,1.0,0.0,0.0,0.0,1.0,35.0,1.0,1.0,40.0,1.0,1.0,0.0,0.0,40.0,0.0,40.0,0.0,1.0,0.0,0.0,0.0,40.0,0.0,0.0,0.0,0.0,1.0,0.0,0.0,0.0,0.0,0.0,0.0,PORT_SCAN,host_sweep.pcap
1.0,40.0,0.001,1000.0,40000.0,1.0,1.0,0.0,0.0,0.0,1.0,35.0,1.0,1.0,40.0,1.0,1.0,0.0,0.0,40.0,0.0,40.0,0.0,1.0,0.0,0.0,0.0,40.0,0.0,0.0,0.0,0.0,1.0,0.0,0.0,0.0,0.0,0.0,0.0,PORT_SCAN,host_sweep.pcap
1.0,40.0,0.001,1000.0,40000.0,1.0,1.0,0.0,0.0,0.0,1.0,35.0,1.0,1.0,40.0,1.0,1.0,0.0,0.0,40.0,0.0,40.0,0.0,1.0,0.0,0.0,0.0,40.0,0.0,0.0,0.0,0.0,1.0,0.0,0.0,0.0,0.0,0.0,0.0,PORT_SCAN,host_sweep.pcap
1.0,40.0,0.001,1000.0,40000.0,1.0,1.0,0.0,0.0,0.0,1.0,35.0,1.0,1.0,40.0,1.0,1.0,0.0,0.0,40.0,0.0,40.0,0.0,1.0,0.0,0.0,0.0,40.0,0.0,0.0,0.0,0.0,1.0,0.0,0.0,0.0,0.0,0.0,0.0,PORT_SCAN,host_sweep.pcap
1.0,40.0,0.001,1000.0,40000.0,1.0,1.0,0.0,0.0,0.0,1.0,35.0,1.0,1.0,40.0,1.0,1.0,0.0,0.0,40.0,0.0,40.0,0.0,1.0,0.0,0.0,0.0,40.0,0.0,0.0,0.0,0.0,1.0,0.0,0.0,0.0,0.0,0.0,0.0,PORT_SCAN,host_sweep.pcap
1.0,40.0,0.001,1000.0,40000.0,1.0,1.0,0.0,0.0,0.0,1.0,35.0,1.0,1.0,40.0,1.0,1.0,0.0,0.0,40.0,0.0,40.0,0.0,1.0,0.0,0.0,0.0,40.0,0.0,0.0,0.0,0.0,1.0,0.0,0.0,0.0,0.0,0.0,0.0,PORT_SCAN,host_sweep.pcap
1.0,40.0,0.001,1000.0,40000.0,1.0,1.0,0.0,0.0,0.0,1.0,35.0,1.0,1.0,40.0,1.0,1.0,0.0,0.0,40.0,0.0,40.0,0.0,1.0,0.0,0.0,0.0,40.0,0.0,0.0,0.0,0.0,1.0,0.0,0.0,0.0,0.0,0.0,0.0,PORT_SCAN,host_sweep.pcap
1.0,40.0,0.001,1000.0,40000.0,1.0,1.0,0.0,0.0,0.0,1.0,35.0,1.0,1.0,40.0,1.0,1.0,0.0,0.0,40.0,0.0,40.0,0.0,1.0,0.0,0.0,0.0,40.0,0.0,0.0,0.0,0.0,1.0,0.0,0.0,0.0,0.0,0.0,0.0,PORT_SCAN,host_sweep.pcap
8.0,332.0,150.04999995231628,0.05331556149644975,2.212595802102664,1.0,0.125,21.435714278902328,0.40729602944793375,7.0,1.0,1.0,1.0,8.0,332.0,1.0,0.125,0.0,0.0,332.0,0.0,332.0,1.0,1.0,0.0,0.0,0.0,332.0,0.0,0.0,0.0,0.0,1.0,0.0,0.0,0.0,0.0,0.0,0.0,BOTNET_C2,c2_beacon.pcap
4.0,179.0,0.15000009536743164,26.666649712467375,1193.332574632915,1.0,0.25,0.05000003178914388,2.2478304914488767e-06,3.0,1.0,1.0,1.0,32.0,1432.0,8.0,0.25,0.0,0.0,1432.0,0.0,1432.0,1.0,8.0,210.5,30.071428571428573,0.03864659984842001,179.0,0.0,0.0,0.0,0.0,1.0,0.0,0.0,0.0,0.0,0.0,0.0,BOTNET_C2,c2_multiconn.pcap
4.0,179.0,0.15000009536743164,26.666649712467375,1193.332574632915,1.0,0.25,0.05000003178914388,2.2478304914488767e-06,3.0,1.0,1.0,1.0,32.0,1432.0,8.0,0.25,0.0,0.0,1432.0,0.0,1432.0,1.0,8.0,210.5,30.071428571428573,0.03864659984842001,179.0,0.0,0.0,0.0,0.0,1.0,0.0,0.0,0.0,0.0,0.0,0.0,BOTNET_C2,c2_multiconn.pcap
4.0,179.0,0.14999985694885254,26.666692098006024,1193.3344713857696,1.0,0.25,0.04999995231628418,0.0,3.0,1.0,1.0,1.0,32.0,1432.0,8.0,0.25,0.0,0.0,1432.0,0.0,1432.0,1.0,8.0,210.5,30.071428571428573,0.03864659984842001,179.0,0.0,0.0,0.0,0.0,1.0,0.0,0.0,0.0,0.0,0.0,0.0,BOTNET_C2,c2_multiconn.pcap
4.0,179.0,0.14999985694885254,26.666692098006024,1193.3344713857696,1.0,0.25,0.04999995231628418,0.0,3.0,1.0,1.0,1.0,32.0,1432.0,8.0,0.25,0.0,0.0,1432.0,0.0,1432.0,1.0,8.0,210.5,30.071428571428573,0.03864659984842001,179.0,0.0,0.0,0.0,0.0,1.0,0.0,0.0,0.0,0.0,0.0,0.0,BOTNET_C2,c2_multiconn.pcap
4.0,179.0,0.15000009536743164,26.666649712467375,1193.332574632915,1.0,0.25,0.05000003178914388,2.2478304914488767e-06,3.0,1.0,1.0,1.0,32.0,1432.0,8.0,0.25,0.0,0.0,1432.0,0.0,1432.0,1.0,8.0,210.5,30.071428571428573,0.03864659984842001,179.0,0.0,0.0,0.0,0.0,1.0,0.0,0.0,0.0,0.0,0.0,0.0,BOTNET_C2,c2_multiconn.pcap
4.0,179.0,0.14999985694885254,26.666692098006024,1193.3344713857696,1.0,0.25,0.04999995231628418,0.0,3.0,1.0,1.0,1.0,32.0,1432.0,8.0,0.25,0.0,0.0,1432.0,0.0,1432.0,1.0,8.0,210.5,30.071428571428573,0.03864659984842001,179.0,0.0,0.0,0.0,0.0,1.0,0.0,0.0,0.0,0.0,0.0,0.0,BOTNET_C2,c2_multiconn.pcap
4.0,179.0,0.14999985694885254,26.666692098006024,1193.3344713857696,1.0,0.25,0.04999995231628418,0.0,3.0,1.0,1.0,1.0,32.0,1432.0,8.0,0.25,0.0,0.0,1432.0,0.0,1432.0,1.0,8.0,210.5,30.071428571428573,0.03864659984842001,179.0,0.0,0.0,0.0,0.0,1.0,0.0,0.0,0.0,0.0,0.0,0.0,BOTNET_C2,c2_multiconn.pcap
4.0,179.0,0.15000009536743164,26.666649712467375,1193.332574632915,1.0,0.25,0.05000003178914388,2.2478304914488767e-06,3.0,1.0,1.0,1.0,32.0,1432.0,8.0,0.25,0.0,0.0,1432.0,0.0,1432.0,1.0,8.0,210.5,30.071428571428573,0.03864659984842001,179.0,0.0,0.0,0.0,0.0,1.0,0.0,0.0,0.0,0.0,0.0,0.0,BOTNET_C2,c2_multiconn.pcap
1.0,97.0,0.001,1000.0,97000.0,0.0,0.0,0.0,0.0,0.0,1.0,1.0,1.0,40.0,3880.0,0.0,0.0,1.0,0.0,3880.0,0.0,3880.0,1.0,40.0,3.8999969959259033,0.09999992297245906,3.0246945906030075e-06,97.0,40.0,32.0,4.252233030029865,0.28046875,0.10483870967741934,1.0,10.25641815667695,0.0,0.0,0.0,0.0,DNS_TUNNEL,dns_tunnel.pcap
1.0,97.0,0.001,1000.0,97000.0,0.0,0.0,0.0,0.0,0.0,1.0,1.0,1.0,40.0,3880.0,0.0,0.0,1.0,0.0,3880.0,0.0,3880.0,1.0,40.0,3.8999969959259033,0.09999992297245906,3.0246945906030075e-06,97.0,40.0,32.0,4.252233030029865,0.28046875,0.10483870967741934,1.0,10.25641815667695,0.0,0.0,0.0,0.0,DNS_TUNNEL,dns_tunnel.pcap
1.0,97.0,0.001,1000.0,97000.0,0.0,0.0,0.0,0.0,0.0,1.0,1.0,1.0,40.0,3880.0,0.0,0.0,1.0,0.0,3880.0,0.0,3880.0,1.0,40.0,3.8999969959259033,0.09999992297245906,3.0246945906030075e-06,97.0,40.0,32.0,4.252233030029865,0.28046875,0.10483870967741934,1.0,10.25641815667695,0.0,0.0,0.0,0.0,DNS_TUNNEL,dns_tunnel.pcap
1.0,97.0,0.001,1000.0,97000.0,0.0,0.0,0.0,0.0,0.0,1.0,1.0,1.0,40.0,3880.0,0.0,0.0,1.0,0.0,3880.0,0.0,3880.0,1.0,40.0,3.8999969959259033,0.09999992297245906,3.0246945906030075e-06,97.0,40.0,32.0,4.252233030029865,0.28046875,0.10483870967741934,1.0,10.25641815667695,0.0,0.0,0.0,0.0,DNS_TUNNEL,dns_tunnel.pcap
1.0,97.0,0.001,1000.0,97000.0,0.0,0.0,0.0,0.0,0.0,1.0,1.0,1.0,40.0,3880.0,0.0,0.0,1.0,0.0,3880.0,0.0,3880.0,1.0,40.0,3.8999969959259033,0.09999992297245906,3.0246945906030075e-06,97.0,40.0,32.0,4.252233030029865,0.28046875,0.10483870967741934,1.0,10.25641815667695,0.0,0.0,0.0,0.0,DNS_TUNNEL,dns_tunnel.pcap
1.0,97.0,0.001,1000.0,97000.0,0.0,0.0,0.0,0.0,0.0,1.0,1.0,1.0,40.0,3880.0,0.0,0.0,1.0,0.0,3880.0,0.0,3880.0,1.0,40.0,3.8999969959259033,0.09999992297245906,3.0246945906030075e-06,97.0,40.0,32.0,4.252233030029865,0.28046875,0.10483870967741934,1.0,10.25641815667695,0.0,0.0,0.0,0.0,DNS_TUNNEL,dns_tunnel.pcap
1.0,97.0,0.001,1000.0,97000.0,0.0,0.0,0.0,0.0,0.0,1.0,1.0,1.0,40.0,3880.0,0.0,0.0,1.0,0.0,3880.0,0.0,3880.0,1.0,40.0,3.8999969959259033,0.09999992297245906,3.0246945906030075e-06,97.0,40.0,32.0,4.252233030029865,0.28046875,0.10483870967741934,1.0,10.25641815667695,0.0,0.0,0.0,0.0,DNS_TUNNEL,dns_tunnel.pcap
1.0,97.0,0.001,1000.0,97000.0,0.0,0.0,0.0,0.0,0.0,1.0,1.0,1.0,40.0,3880.0,0.0,0.0,1.0,0.0,3880.0,0.0,3880.0,1.0,40.0,3.8999969959259033,0.09999992297245906,3.0246945906030075e-06,97.0,40.0,32.0,4.252233030029865,0.28046875,0.10483870967741934,1.0,10.25641815667695,0.0,0.0,0.0,0.0,DNS_TUNNEL,dns_tunnel.pcap
1.0,97.0,0.001,1000.0,97000.0,0.0,0.0,0.0,0.0,0.0,1.0,1.0,1.0,40.0,3880.0,0.0,0.0,1.0,0.0,3880.0,0.0,3880.0,1.0,40.0,3.8999969959259033,0.09999992297245906,3.0246945906030075e-06,97.0,40.0,32.0,4.252233030029865,0.28046875,0.10483870967741934,1.0,10.25641815667695,0.0,0.0,0.0,0.0,DNS_TUNNEL,dns_tunnel.pcap
1.0,97.0,0.001,1000.0,97000.0,0.0,0.0,0.0,0.0,0.0,1.0,1.0,1.0,40.0,3880.0,0.0,0.0,1.0,0.0,3880.0,0.0,3880.0,1.0,40.0,3.8999969959259033,0.09999992297245906,3.0246945906030075e-06,97.0,40.0,32.0,4.252233030029865,0.28046875,0.10483870967741934,1.0,10.25641815667695,0.0,0.0,0.0,0.0,DNS_TUNNEL,dns_tunnel.pcap
1.0,97.0,0.001,1000.0,97000.0,0.0,0.0,0.0,0.0,0.0,1.0,1.0,1.0,40.0,3880.0,0.0,0.0,1.0,0.0,3880.0,0.0,3880.0,1.0,40.0,3.8999969959259033,0.09999992297245906,3.0246945906030075e-06,97.0,40.0,32.0,4.252233030029865,0.28046875,0.10483870967741934,1.0,10.25641815667695,0.0,0.0,0.0,0.0,DNS_TUNNEL,dns_tunnel.pcap
1.0,97.0,0.001,1000.0,97000.0,0.0,0.0,0.0,0.0,0.0,1.0,1.0,1.0,40.0,3880.0,0.0,0.0,1.0,0.0,3880.0,0.0,3880.0,1.0,40.0,3.8999969959259033,0.09999992297245906,3.0246945906030075e-06,97.0,40.0,32.0,4.252233030029865,0.28046875,0.10483870967741934,1.0,10.25641815667695,0.0,0.0,0.0,0.0,DNS_TUNNEL,dns_tunnel.pcap
1.0,97.0,0.001,1000.0,97000.0,0.0,0.0,0.0,0.0,0.0,1.0,1.0,1.0,40.0,3880.0,0.0,0.0,1.0,0.0,3880.0,0.0,3880.0,1.0,40.0,3.8999969959259033,0.09999992297245906,3.0246945906030075e-06,97.0,40.0,32.0,4.252233030029865,0.28046875,0.10483870967741934,1.0,10.25641815667695,0.0,0.0,0.0,0.0,DNS_TUNNEL,dns_tunnel.pcap
1.0,97.0,0.001,1000.0,97000.0,0.0,0.0,0.0,0.0,0.0,1.0,1.0,1.0,40.0,3880.0,0.0,0.0,1.0,0.0,3880.0,0.0,3880.0,1.0,40.0,3.8999969959259033,0.09999992297245906,3.0246945906030075e-06,97.0,40.0,32.0,4.252233030029865,0.28046875,0.10483870967741934,1.0,10.25641815667695,0.0,0.0,0.0,0.0,DNS_TUNNEL,dns_tunnel.pcap
1.0,97.0,0.001,1000.0,97000.0,0.0,0.0,0.0,0.0,0.0,1.0,1.0,1.0,40.0,3880.0,0.0,0.0,1.0,0.0,3880.0,0.0,3880.0,1.0,40.0,3.8999969959259033,0.09999992297245906,3.0246945906030075e-06,97.0,40.0,32.0,4.252233030029865,0.28046875,0.10483870967741934,1.0,10.25641815667695,0.0,0.0,0.0,0.0,DNS_TUNNEL,dns_tunnel.pcap
1.0,97.0,0.001,1000.0,97000.0,0.0,0.0,0.0,0.0,0.0,1.0,1.0,1.0,40.0,3880.0,0.0,0.0,1.0,0.0,3880.0,0.0,3880.0,1.0,40.0,3.8999969959259033,0.09999992297245906,3.0246945906030075e-06,97.0,40.0,32.0,4.252233030029865,0.28046875,0.10483870967741934,1.0,10.25641815667695,0.0,0.0,0.0,0.0,DNS_TUNNEL,dns_tunnel.pcap
1.0,97.0,0.001,1000.0,97000.0,0.0,0.0,0.0,0.0,0.0,1.0,1.0,1.0,40.0,3880.0,0.0,0.0,1.0,0.0,3880.0,0.0,3880.0,1.0,40.0,3.8999969959259033,0.09999992297245906,3.0246945906030075e-06,97.0,40.0,32.0,4.252233030029865,0.28046875,0.10483870967741934,1.0,10.25641815667695,0.0,0.0,0.0,0.0,DNS_TUNNEL,dns_tunnel.pcap
1.0,97.0,0.001,1000.0,97000.0,0.0,0.0,0.0,0.0,0.0,1.0,1.0,1.0,40.0,3880.0,0.0,0.0,1.0,0.0,3880.0,0.0,3880.0,1.0,40.0,3.8999969959259033,0.09999992297245906,3.0246945906030075e-06,97.0,40.0,32.0,4.252233030029865,0.28046875,0.10483870967741934,1.0,10.25641815667695,0.0,0.0,0.0,0.0,DNS_TUNNEL,dns_tunnel.pcap
1.0,97.0,0.001,1000.0,97000.0,0.0,0.0,0.0,0.0,0.0,1.0,1.0,1.0,40.0,3880.0,0.0,0.0,1.0,0.0,3880.0,0.0,3880.0,1.0,40.0,3.8999969959259033,0.09999992297245906,3.0246945906030075e-06,97.0,40.0,32.0,4.252233030029865,0.28046875,0.10483870967741934,1.0,10.25641815667695,0.0,0.0,0.0,0.0,DNS_TUNNEL,dns_tunnel.pcap
1.0,97.0,0.001,1000.0,97000.0,0.0,0.0,0.0,0.0,0.0,1.0,1.0,1.0,40.0,3880.0,0.0,0.0,1.0,0.0,3880.0,0.0,3880.0,1.0,40.0,3.8999969959259033,0.09999992297245906,3.0246945906030075e-06,97.0,40.0,32.0,4.252233030029865,0.28046875,0.10483870967741934,1.0,10.25641815667695,0.0,0.0,0.0,0.0,DNS_TUNNEL,dns_tunnel.pcap
1.0,97.0,0.001,1000.0,97000.0,0.0,0.0,0.0,0.0,0.0,1.0,1.0,1.0,40.0,3880.0,0.0,0.0,1.0,0.0,3880.0,0.0,3880.0,1.0,40.0,3.8999969959259033,0.09999992297245906,3.0246945906030075e-06,97.0,40.0,32.0,4.252233030029865,0.28046875,0.10483870967741934,1.0,10.25641815667695,0.0,0.0,0.0,0.0,DNS_TUNNEL,dns_tunnel.pcap
1.0,97.0,0.001,1000.0,97000.0,0.0,0.0,0.0,0.0,0.0,1.0,1.0,1.0,40.0,3880.0,0.0,0.0,1.0,0.0,3880.0,0.0,3880.0,1.0,40.0,3.8999969959259033,0.09999992297245906,3.0246945906030075e-06,97.0,40.0,32.0,4.252233030029865,0.28046875,0.10483870967741934,1.0,10.25641815667695,0.0,0.0,0.0,0.0,DNS_TUNNEL,dns_tunnel.pcap
1.0,97.0,0.001,1000.0,97000.0,0.0,0.0,0.0,0.0,0.0,1.0,1.0,1.0,40.0,3880.0,0.0,0.0,1.0,0.0,3880.0,0.0,3880.0,1.0,40.0,3.8999969959259033,0.09999992297245906,3.0246945906030075e-06,97.0,40.0,32.0,4.252233030029865,0.28046875,0.10483870967741934,1.0,10.25641815667695,0.0,0.0,0.0,0.0,DNS_TUNNEL,dns_tunnel.pcap
1.0,97.0,0.001,1000.0,97000.0,0.0,0.0,0.0,0.0,0.0,1.0,1.0,1.0,40.0,3880.0,0.0,0.0,1.0,0.0,3880.0,0.0,3880.0,1.0,40.0,3.8999969959259033,0.09999992297245906,3.0246945906030075e-06,97.0,40.0,32.0,4.252233030029865,0.28046875,0.10483870967741934,1.0,10.25641815667695,0.0,0.0,0.0,0.0,DNS_TUNNEL,dns_tunnel.pcap
1.0,97.0,0.001,1000.0,97000.0,0.0,0.0,0.0,0.0,0.0,1.0,1.0,1.0,40.0,3880.0,0.0,0.0,1.0,0.0,3880.0,0.0,3880.0,1.0,40.0,3.8999969959259033,0.09999992297245906,3.0246945906030075e-06,97.0,40.0,32.0,4.252233030029865,0.28046875,0.10483870967741934,1.0,10.25641815667695,0.0,0.0,0.0,0.0,DNS_TUNNEL,dns_tunnel.pcap
1.0,97.0,0.001,1000.0,97000.0,0.0,0.0,0.0,0.0,0.0,1.0,1.0,1.0,40.0,3880.0,0.0,0.0,1.0,0.0,3880.0,0.0,3880.0,1.0,40.0,3.8999969959259033,0.09999992297245906,3.0246945906030075e-06,97.0,40.0,32.0,4.252233030029865,0.28046875,0.10483870967741934,1.0,10.25641815667695,0.0,0.0,0.0,0.0,DNS_TUNNEL,dns_tunnel.pcap
1.0,97.0,0.001,1000.0,97000.0,0.0,0.0,0.0,0.0,0.0,1.0,1.0,1.0,40.0,3880.0,0.0,0.0,1.0,0.0,3880.0,0.0,3880.0,1.0,40.0,3.8999969959259033,0.09999992297245906,3.0246945906030075e-06,97.0,40.0,32.0,4.252233030029865,0.28046875,0.10483870967741934,1.0,10.25641815667695,0.0,0.0,0.0,0.0,DNS_TUNNEL,dns_tunnel.pcap
1.0,97.0,0.001,1000.0,97000.0,0.0,0.0,0.0,0.0,0.0,1.0,1.0,1.0,40.0,3880.0,0.0,0.0,1.0,0.0,3880.0,0.0,3880.0,1.0,40.0,3.8999969959259033,0.09999992297245906,3.0246945906030075e-06,97.0,40.0,32.0,4.252233030029865,0.28046875,0.10483870967741934,1.0,10.25641815667695,0.0,0.0,0.0,0.0,DNS_TUNNEL,dns_tunnel.pcap
1.0,97.0,0.001,1000.0,97000.0,0.0,0.0,0.0,0.0,0.0,1.0,1.0,1.0,40.0,3880.0,0.0,0.0,1.0,0.0,3880.0,0.0,3880.0,1.0,40.0,3.8999969959259033,0.09999992297245906,3.0246945906030075e-06,97.0,40.0,32.0,4.252233030029865,0.28046875,0.10483870967741934,1.0,10.25641815667695,0.0,0.0,0.0,0.0,DNS_TUNNEL,dns_tunnel.pcap
1.0,97.0,0.001,1000.0,97000.0,0.0,0.0,0.0,0.0,0.0,1.0,1.0,1.0,40.0,3880.0,0.0,0.0,1.0,0.0,3880.0,0.0,3880.0,1.0,40.0,3.8999969959259033,0.09999992297245906,3.0246945906030075e-06,97.0,40.0,32.0,4.252233030029865,0.28046875,0.10483870967741934,1.0,10.25641815667695,0.0,0.0,0.0,0.0,DNS_TUNNEL,dns_tunnel.pcap
1.0,97.0,0.001,1000.0,97000.0,0.0,0.0,0.0,0.0,0.0,1.0,1.0,1.0,40.0,3880.0,0.0,0.0,1.0,0.0,3880.0,0.0,3880.0,1.0,40.0,3.8999969959259033,0.09999992297245906,3.0246945906030075e-06,97.0,40.0,32.0,4.252233030029865,0.28046875,0.10483870967741934,1.0,10.25641815667695,0.0,0.0,0.0,0.0,DNS_TUNNEL,dns_tunnel.pcap
1.0,97.0,0.001,1000.0,97000.0,0.0,0.0,0.0,0.0,0.0,1.0,1.0,1.0,40.0,3880.0,0.0,0.0,1.0,0.0,3880.0,0.0,3880.0,1.0,40.0,3.8999969959259033,0.09999992297245906,3.0246945906030075e-06,97.0,40.0,32.0,4.252233030029865,0.28046875,0.10483870967741934,1.0,10.25641815667695,0.0,0.0,0.0,0.0,DNS_TUNNEL,dns_tunnel.pcap
1.0,97.0,0.001,1000.0,97000.0,0.0,0.0,0.0,0.0,0.0,1.0,1.0,1.0,40.0,3880.0,0.0,0.0,1.0,0.0,3880.0,0.0,3880.0,1.0,40.0,3.8999969959259033,0.09999992297245906,3.0246945906030075e-06,97.0,40.0,32.0,4.252233030029865,0.28046875,0.10483870967741934,1.0,10.25641815667695,0.0,0.0,0.0,0.0,DNS_TUNNEL,dns_tunnel.pcap
1.0,97.0,0.001,1000.0,97000.0,0.0,0.0,0.0,0.0,0.0,1.0,1.0,1.0,40.0,3880.0,0.0,0.0,1.0,0.0,3880.0,0.0,3880.0,1.0,40.0,3.8999969959259033,0.09999992297245906,3.0246945906030075e-06,97.0,40.0,32.0,4.252233030029865,0.28046875,0.10483870967741934,1.0,10.25641815667695,0.0,0.0,0.0,0.0,DNS_TUNNEL,dns_tunnel.pcap
1.0,97.0,0.001,1000.0,97000.0,0.0,0.0,0.0,0.0,0.0,1.0,1.0,1.0,40.0,3880.0,0.0,0.0,1.0,0.0,3880.0,0.0,3880.0,1.0,40.0,3.8999969959259033,0.09999992297245906,3.0246945906030075e-06,97.0,40.0,32.0,4.252233030029865,0.28046875,0.10483870967741934,1.0,10.25641815667695,0.0,0.0,0.0,0.0,DNS_TUNNEL,dns_tunnel.pcap
1.0,97.0,0.001,1000.0,97000.0,0.0,0.0,0.0,0.0,0.0,1.0,1.0,1.0,40.0,3880.0,0.0,0.0,1.0,0.0,3880.0,0.0,3880.0,1.0,40.0,3.8999969959259033,0.09999992297245906,3.0246945906030075e-06,97.0,40.0,32.0,4.252233030029865,0.28046875,0.10483870967741934,1.0,10.25641815667695,0.0,0.0,0.0,0.0,DNS_TUNNEL,dns_tunnel.pcap
1.0,97.0,0.001,1000.0,97000.0,0.0,0.0,0.0,0.0,0.0,1.0,1.0,1.0,40.0,3880.0,0.0,0.0,1.0,0.0,3880.0,0.0,3880.0,1.0,40.0,3.8999969959259033,0.09999992297245906,3.0246945906030075e-06,97.0,40.0,32.0,4.252233030029865,0.28046875,0.10483870967741934,1.0,10.25641815667695,0.0,0.0,0.0,0.0,DNS_TUNNEL,dns_tunnel.pcap
1.0,97.0,0.001,1000.0,97000.0,0.0,0.0,0.0,0.0,0.0,1.0,1.0,1.0,40.0,3880.0,0.0,0.0,1.0,0.0,3880.0,0.0,3880.0,1.0,40.0,3.8999969959259033,0.09999992297245906,3.0246945906030075e-06,97.0,40.0,32.0,4.252233030029865,0.28046875,0.10483870967741934,1.0,10.25641815667695,0.0,0.0,0.0,0.0,DNS_TUNNEL,dns_tunnel.pcap
1.0,97.0,0.001,1000.0,97000.0,0.0,0.0,0.0,0.0,0.0,1.0,1.0,1.0,40.0,3880.0,0.0,0.0,1.0,0.0,3880.0,0.0,3880.0,1.0,40.0,3.8999969959259033,0.09999992297245906,3.0246945906030075e-06,97.0,40.0,32.0,4.252233030029865,0.28046875,0.10483870967741934,1.0,10.25641815667695,0.0,0.0,0.0,0.0,DNS_TUNNEL,dns_tunnel.pcap
1.0,97.0,0.001,1000.0,97000.0,0.0,0.0,0.0,0.0,0.0,1.0,1.0,1.0,40.0,3880.0,0.0,0.0,1.0,0.0,3880.0,0.0,3880.0,1.0,40.0,3.8999969959259033,0.09999992297245906,3.0246945906030075e-06,97.0,40.0,32.0,4.252233030029865,0.28046875,0.10483870967741934,1.0,10.25641815667695,0.0,0.0,0.0,0.0,DNS_TUNNEL,dns_tunnel.pcap
1.0,62.0,0.001,1000.0,62000.0,0.0,0.0,0.0,0.0,0.0,1.0,1.0,1.0,25.0,1586.0,0.0,0.0,1.0,0.0,1586.0,0.0,1586.0,1.0,25.0,6.0,0.25,0.0,63.44,25.0,13.44,3.321308122312195,0.0,0.2202164502164502,0.0,4.166666666666667,0.0,0.0,0.0,0.0,DNS_TUNNEL,dga_dns.pcap
1.0,63.0,0.001,1000.0,63000.0,0.0,0.0,0.0,0.0,0.0,1.0,1.0,1.0,25.0,1586.0,0.0,0.0,1.0,0.0,1586.0,0.0,1586.0,1.0,25.0,6.0,0.25,0.0,63.44,25.0,13.44,3.321308122312195,0.0,0.2202164502164502,0.0,4.166666666666667,0.0,0.0,0.0,0.0,DNS_TUNNEL,dga_dns.pcap
1.0,64.0,0.001,1000.0,64000.0,0.0,0.0,0.0,0.0,0.0,1.0,1.0,1.0,25.0,1586.0,0.0,0.0,1.0,0.0,1586.0,0.0,1586.0,1.0,25.0,6.0,0.25,0.0,63.44,25.0,13.44,3.321308122312195,0.0,0.2202164502164502,0.0,4.166666666666667,0.0,0.0,0.0,0.0,DNS_TUNNEL,dga_dns.pcap
1.0,65.0,0.001,1000.0,65000.0,0.0,0.0,0.0,0.0,0.0,1.0,1.0,1.0,25.0,1586.0,0.0,0.0,1.0,0.0,1586.0,0.0,1586.0,1.0,25.0,6.0,0.25,0.0,63.44,25.0,13.44,3.321308122312195,0.0,0.2202164502164502,0.0,4.166666666666667,0.0,0.0,0.0,0.0,DNS_TUNNEL,dga_dns.pcap
1.0,62.0,0.001,1000.0,62000.0,0.0,0.0,0.0,0.0,0.0,1.0,1.0,1.0,25.0,1586.0,0.0,0.0,1.0,0.0,1586.0,0.0,1586.0,1.0,25.0,6.0,0.25,0.0,63.44,25.0,13.44,3.321308122312195,0.0,0.2202164502164502,0.0,4.166666666666667,0.0,0.0,0.0,0.0,DNS_TUNNEL,dga_dns.pcap
1.0,63.0,0.001,1000.0,63000.0,0.0,0.0,0.0,0.0,0.0,1.0,1.0,1.0,25.0,1586.0,0.0,0.0,1.0,0.0,1586.0,0.0,1586.0,1.0,25.0,6.0,0.25,0.0,63.44,25.0,13.44,3.321308122312195,0.0,0.2202164502164502,0.0,4.166666666666667,0.0,0.0,0.0,0.0,DNS_TUNNEL,dga_dns.pcap
1.0,64.0,0.001,1000.0,64000.0,0.0,0.0,0.0,0.0,0.0,1.0,1.0,1.0,25.0,1586.0,0.0,0.0,1.0,0.0,1586.0,0.0,1586.0,1.0,25.0,6.0,0.25,0.0,63.44,25.0,13.44,3.321308122312195,0.0,0.2202164502164502,0.0,4.166666666666667,0.0,0.0,0.0,0.0,DNS_TUNNEL,dga_dns.pcap
1.0,65.0,0.001,1000.0,65000.0,0.0,0.0,0.0,0.0,0.0,1.0,1.0,1.0,25.0,1586.0,0.0,0.0,1.0,0.0,1586.0,0.0,1586.0,1.0,25.0,6.0,0.25,0.0,63.44,25.0,13.44,3.321308122312195,0.0,0.2202164502164502,0.0,4.166666666666667,0.0,0.0,0.0,0.0,DNS_TUNNEL,dga_dns.pcap
1.0,62.0,0.001,1000.0,62000.0,0.0,0.0,0.0,0.0,0.0,1.0,1.0,1.0,25.0,1586.0,0.0,0.0,1.0,0.0,1586.0,0.0,1586.0,1.0,25.0,6.0,0.25,0.0,63.44,25.0,13.44,3.321308122312195,0.0,0.2202164502164502,0.0,4.166666666666667,0.0,0.0,0.0,0.0,DNS_TUNNEL,dga_dns.pcap
1.0,63.0,0.001,1000.0,63000.0,0.0,0.0,0.0,0.0,0.0,1.0,1.0,1.0,25.0,1586.0,0.0,0.0,1.0,0.0,1586.0,0.0,1586.0,1.0,25.0,6.0,0.25,0.0,63.44,25.0,13.44,3.321308122312195,0.0,0.2202164502164502,0.0,4.166666666666667,0.0,0.0,0.0,0.0,DNS_TUNNEL,dga_dns.pcap
1.0,64.0,0.001,1000.0,64000.0,0.0,0.0,0.0,0.0,0.0,1.0,1.0,1.0,25.0,1586.0,0.0,0.0,1.0,0.0,1586.0,0.0,1586.0,1.0,25.0,6.0,0.25,0.0,63.44,25.0,13.44,3.321308122312195,0.0,0.2202164502164502,0.0,4.166666666666667,0.0,0.0,0.0,0.0,DNS_TUNNEL,dga_dns.pcap
1.0,65.0,0.001,1000.0,65000.0,0.0,0.0,0.0,0.0,0.0,1.0,1.0,1.0,25.0,1586.0,0.0,0.0,1.0,0.0,1586.0,0.0,1586.0,1.0,25.0,6.0,0.25,0.0,63.44,25.0,13.44,3.321308122312195,0.0,0.2202164502164502,0.0,4.166666666666667,0.0,0.0,0.0,0.0,DNS_TUNNEL,dga_dns.pcap
1.0,62.0,0.001,1000.0,62000.0,0.0,0.0,0.0,0.0,0.0,1.0,1.0,1.0,25.0,1586.0,0.0,0.0,1.0,0.0,1586.0,0.0,1586.0,1.0,25.0,6.0,0.25,0.0,63.44,25.0,13.44,3.321308122312195,0.0,0.2202164502164502,0.0,4.166666666666667,0.0,0.0,0.0,0.0,DNS_TUNNEL,dga_dns.pcap
1.0,63.0,0.001,1000.0,63000.0,0.0,0.0,0.0,0.0,0.0,1.0,1.0,1.0,25.0,1586.0,0.0,0.0,1.0,0.0,1586.0,0.0,1586.0,1.0,25.0,6.0,0.25,0.0,63.44,25.0,13.44,3.321308122312195,0.0,0.2202164502164502,0.0,4.166666666666667,0.0,0.0,0.0,0.0,DNS_TUNNEL,dga_dns.pcap
1.0,64.0,0.001,1000.0,64000.0,0.0,0.0,0.0,0.0,0.0,1.0,1.0,1.0,25.0,1586.0,0.0,0.0,1.0,0.0,1586.0,0.0,1586.0,1.0,25.0,6.0,0.25,0.0,63.44,25.0,13.44,3.321308122312195,0.0,0.2202164502164502,0.0,4.166666666666667,0.0,0.0,0.0,0.0,DNS_TUNNEL,dga_dns.pcap
1.0,65.0,0.001,1000.0,65000.0,0.0,0.0,0.0,0.0,0.0,1.0,1.0,1.0,25.0,1586.0,0.0,0.0,1.0,0.0,1586.0,0.0,1586.0,1.0,25.0,6.0,0.25,0.0,63.44,25.0,13.44,3.321308122312195,0.0,0.2202164502164502,0.0,4.166666666666667,0.0,0.0,0.0,0.0,DNS_TUNNEL,dga_dns.pcap
1.0,62.0,0.001,1000.0,62000.0,0.0,0.0,0.0,0.0,0.0,1.0,1.0,1.0,25.0,1586.0,0.0,0.0,1.0,0.0,1586.0,0.0,1586.0,1.0,25.0,6.0,0.25,0.0,63.44,25.0,13.44,3.321308122312195,0.0,0.2202164502164502,0.0,4.166666666666667,0.0,0.0,0.0,0.0,DNS_TUNNEL,dga_dns.pcap
1.0,63.0,0.001,1000.0,63000.0,0.0,0.0,0.0,0.0,0.0,1.0,1.0,1.0,25.0,1586.0,0.0,0.0,1.0,0.0,1586.0,0.0,1586.0,1.0,25.0,6.0,0.25,0.0,63.44,25.0,13.44,3.321308122312195,0.0,0.2202164502164502,0.0,4.166666666666667,0.0,0.0,0.0,0.0,DNS_TUNNEL,dga_dns.pcap
1.0,64.0,0.001,1000.0,64000.0,0.0,0.0,0.0,0.0,0.0,1.0,1.0,1.0,25.0,1586.0,0.0,0.0,1.0,0.0,1586.0,0.0,1586.0,1.0,25.0,6.0,0.25,0.0,63.44,25.0,13.44,3.321308122312195,0.0,0.2202164502164502,0.0,4.166666666666667,0.0,0.0,0.0,0.0,DNS_TUNNEL,dga_dns.pcap
1.0,65.0,0.001,1000.0,65000.0,0.0,0.0,0.0,0.0,0.0,1.0,1.0,1.0,25.0,1586.0,0.0,0.0,1.0,0.0,1586.0,0.0,1586.0,1.0,25.0,6.0,0.25,0.0,63.44,25.0,13.44,3.321308122312195,0.0,0.2202164502164502,0.0,4.166666666666667,0.0,0.0,0.0,0.0,DNS_TUNNEL,dga_dns.pcap
1.0,62.0,0.001,1000.0,62000.0,0.0,0.0,0.0,0.0,0.0,1.0,1.0,1.0,25.0,1586.0,0.0,0.0,1.0,0.0,1586.0,0.0,1586.0,1.0,25.0,6.0,0.25,0.0,63.44,25.0,13.44,3.321308122312195,0.0,0.2202164502164502,0.0,4.166666666666667,0.0,0.0,0.0,0.0,DNS_TUNNEL,dga_dns.pcap
1.0,63.0,0.001,1000.0,63000.0,0.0,0.0,0.0,0.0,0.0,1.0,1.0,1.0,25.0,1586.0,0.0,0.0,1.0,0.0,1586.0,0.0,1586.0,1.0,25.0,6.0,0.25,0.0,63.44,25.0,13.44,3.321308122312195,0.0,0.2202164502164502,0.0,4.166666666666667,0.0,0.0,0.0,0.0,DNS_TUNNEL,dga_dns.pcap
1.0,64.0,0.001,1000.0,64000.0,0.0,0.0,0.0,0.0,0.0,1.0,1.0,1.0,25.0,1586.0,0.0,0.0,1.0,0.0,1586.0,0.0,1586.0,1.0,25.0,6.0,0.25,0.0,63.44,25.0,13.44,3.321308122312195,0.0,0.2202164502164502,0.0,4.166666666666667,0.0,0.0,0.0,0.0,DNS_TUNNEL,dga_dns.pcap
1.0,65.0,0.001,1000.0,65000.0,0.0,0.0,0.0,0.0,0.0,1.0,1.0,1.0,25.0,1586.0,0.0,0.0,1.0,0.0,1586.0,0.0,1586.0,1.0,25.0,6.0,0.25,0.0,63.44,25.0,13.44,3.321308122312195,0.0,0.2202164502164502,0.0,4.166666666666667,0.0,0.0,0.0,0.0,DNS_TUNNEL,dga_dns.pcap
1.0,62.0,0.001,1000.0,62000.0,0.0,0.0,0.0,0.0,0.0,1.0,1.0,1.0,25.0,1586.0,0.0,0.0,1.0,0.0,1586.0,0.0,1586.0,1.0,25.0,6.0,0.25,0.0,63.44,25.0,13.44,3.321308122312195,0.0,0.2202164502164502,0.0,4.166666666666667,0.0,0.0,0.0,0.0,DNS_TUNNEL,dga_dns.pcap
3.0,174.0,0.029999971389770508,100.00009536752259,5800.00553131631,1.0,0.3333333333333333,0.014999985694885254,0.3333333333333333,2.0,1.0,1.0,1.0,3.0,174.0,1.0,0.3333333333333333,0.0,0.0,174.0,0.0,174.0,1.0,1.0,0.0,0.0,0.0,174.0,0.0,0.0,0.0,0.0,1.0,0.0,0.0,2.0,0.0,0.0,0.0,MALWARE_ENCRYPTED,encrypted_anomaly.pcap
3.0,268.0,0.029999971389770508,100.00009536752259,8933.341852832018,1.0,0.3333333333333333,0.014999985694885254,0.3333333333333333,2.0,1.0,1.0,1.0,3.0,268.0,1.0,0.3333333333333333,0.0,0.0,268.0,40.0,6.7,1.0,1.0,0.0,0.0,0.0,268.0,0.0,0.0,0.0,0.0,1.0,0.0,0.0,12.0,8.0,1.0,0.0,MALWARE_ENCRYPTED,ja3_demo.pcap
3.0,266.0,0.03000020980834961,99.99930064372566,8866.604657077009,1.0,0.3333333333333333,0.015000104904174805,0.33333863148692683,2.0,1.0,1.0,1.0,3.0,266.0,1.0,0.3333333333333333,0.0,0.0,266.0,144.0,1.8472222222222223,1.0,1.0,0.0,0.0,0.0,266.0,0.0,0.0,0.0,0.0,1.0,0.0,0.0,13.0,8.0,1.0,49199.0,MALWARE_ENCRYPTED,ja3s_demo.pcap
251.0,310040.0,4.999994993209839,50.200050268223556,62008.06209227104,1.0,0.00398406374501992,0.019999979972839355,7.501521421276952e-06,250.0,1.0,1.0,1.0,251.0,310040.0,1.0,0.00398406374501992,0.0,0.0,310040.0,1000.0,310.04,1.0,1.0,0.0,0.0,0.0,310040.0,0.0,0.0,0.0,0.0,1.0,0.0,0.0,0.0,0.0,0.0,0.0,DATA_EXFIL,data_exfil.pcap
8.2677,726.5221,1.0879,6.4944,753.511,1.0424,0.1368,0.148,0.3466,6.2101,0.9325,1.0013,0.8864,74.2177,8494.9726,10.1079,0.1166,0.0,0.0,8375.6749,0.0,8808.9591,0.0,8.8156,19.3211,2.0951,0.0,788.5613,0.0,0.0,0.0,0.0,0.9173,0.0,0.0,0.0,0.0,0.0,0.0,BENIGN,benign.pcap_aug
8.8778,787.8418,1.0376,6.2832,772.5104,1.0249,0.1342,0.1733,0.3563,7.7948,0.9708,1.0125,1.0791,82.2756,8911.8392,10.1856,0.1311,0.0,0.0,7306.1824,0.0,7664.5038,0.0,9.4945,16.1847,1.8717,0.0,741.4771,0.0,0.0,0.0,0.0,0.9467,0.0,0.0,0.0,0.0,0.0,0.0,BENIGN,benign.pcap_aug
8.2605,793.399,1.1142,6.4715,673.1664,1.1048,0.1294,0.1686,0.3253,7.3849,0.9192,0.9711,1.1175,82.688,8312.0771,10.4431,0.1353,0.0,0.0,8743.1678,0.0,7666.7666,0.0,8.877,17.2028,1.8885,0.0,763.1214,0.0,0.0,0.0,0.0,1.1063,0.0,0.0,0.0,0.0,0.0,0.0,BENIGN,benign.pcap_aug
8.7226,783.5286,1.1929,6.7823,783.9853,0.9901,0.1179,0.1543,0.3584,6.6014,1.0203,1.0955,0.9759,74.611,9179.154,10.0229,0.1127,0.0,0.0,7308.725,0.0,7431.7895,0.0,10.3059,19.2618,1.9626,0.0,734.1023,0.0,0.0,0.0,0.0,0.9716,0.0,0.0,0.0,0.0,0.0,0.0,BENIGN,benign.pcap_aug
8.9526,825.7297,1.28,7.5589,629.4431,1.053,0.1305,0.1657,0.3335,7.2368,0.9068,0.9843,0.9889,88.7133,8939.6786,9.4321,0.125,0.0,0.0,7567.5869,0.0,9012.0516,0.0,10.8892,17.1293,2.0667,0.0,841.4453,0.0,0.0,0.0,0.0,0.9167,0.0,0.0,0.0,0.0,0.0,0.0,BENIGN,benign.pcap_aug
8.504,827.7498,1.2269,7.0072,627.5762,0.9578,0.1106,0.1812,0.3853,7.5572,0.9538,0.8939,1.0907,88.5814,7384.566,9.9664,0.1121,0.0,0.0,8712.8651,0.0,8723.1622,0.0,9.1081,17.8932,2.0239,0.0,773.7631,0.0,0.0,0.0,0.0,1.0894,0.0,0.0,0.0,0.0,0.0,0.0,BENIGN,benign.pcap_aug
7.8524,763.2819,1.1608,7.3404,661.9014,0.9548,0.1399,0.1702,0.348,7.0295,0.909,0.9339,0.9611,81.6955,7668.8658,9.3285,0.1121,0.0,0.0,8458.0106,0.0,7666.5574,0.0,10.973,19.5536,1.794,0.0,768.4393,0.0,0.0,0.0,0.0,1.0406,0.0,0.0,0.0,0.0,0.0,0.0,BENIGN,benign.pcap_aug
7.4513,747.639,1.2702,7.0751,708.3667,1.0683,0.1342,0.1521,0.3191,6.8842,0.9817,0.9921,1.055,83.3286,9152.8371,9.0362,0.1221,0.0,0.0,7883.7475,0.0,8911.7716,0.0,9.3968,16.6617,1.9753,0.0,804.6263,0.0,0.0,0.0,0.0,0.9469,0.0,0.0,0.0,0.0,0.0,0.0,BENIGN,benign.pcap_aug
7.5196,903.2987,1.1343,7.5598,721.6558,0.8921,0.14,0.1775,0.393,7.7163,1.0837,0.9199,0.9966,74.5039,8005.2473,8.9407,0.1214,0.0,0.0,9155.0878,0.0,7737.9196,0.0,10.6818,17.8056,1.963,0.0,910.0001,0.0,0.0,0.0,0.0,1.1189,0.0,0.0,0.0,0.0,0.0,0.0,BENIGN,benign.pcap_aug
8.1071,862.9827,1.0547,6.6171,793.254,1.019,0.1263,0.1741,0.3157,7.1414,1.0007,1.0847,0.9178,88.847,7373.6594,9.246,0.1279,0.0,0.0,8544.8183,0.0,7678.8813,0.0,9.0877,19.686,1.8782,0.0,838.6014,0.0,0.0,0.0,0.0,1.0287,0.0,0.0,0.0,0.0,0.0,0.0,BENIGN,benign.pcap_aug
0.9806,57.1246,0.001,1104.3295,52025.2436,0.0,0.0,0.0,0.0,0.0,1.0519,0.9373,0.975,6.2472,346.5277,0.0,0.0,0.9559,0.0,386.0029,0.0,326.6574,1.0,5.9399,16.7944,3.3572,0.0,54.4533,5.5869,4.561,2.2438,0.0,0.8974,0.0,0.4364,0.0,0.0,0.0,0.0,BENIGN,benign_dns.pcap_aug
0.9687,52.318,0.0011,1048.8496,58527.7518,0.0,0.0,0.0,0.0,0.0,1.1169,1.037,0.8819,6.4566,346.4737,0.0,0.0,1.0392,0.0,402.3449,0.0,332.0517,1.0,5.4462,13.5853,3.0383,0.0,57.3521,6.151,5.0858,1.8879,0.0,0.8487,0.0,0.3773,0.0,0.0,0.0,0.0,BENIGN,benign_dns.pcap_aug
0.9972,66.9341,0.0011,902.1516,59881.1493,0.0,0.0,0.0,0.0,0.0,0.9464,0.8809,1.0651,6.1974,343.2044,0.0,0.0,1.0579,0.0,368.5148,0.0,357.6827,1.0,5.2939,13.4709,3.2758,0.0,66.5479,6.0657,5.2215,2.0727,0.0,0.7528,0.0,0.3642,0.0,0.0,0.0,0.0,BENIGN,benign_dns.pcap_aug
0.954,70.1284,0.0011,1086.5686,70127.4824,0.0,0.0,0.0,0.0,0.0,0.9304,0.9399,0.9047,6.4034,397.558,0.0,0.0,0.9775,0.0,374.541,0.0,333.8218,1.0,6.619,16.3126,3.3429,0.0,65.1915,6.5492,4.2821,2.1479,0.0,0.7891,0.0,0.4414,0.0,0.0,0.0,0.0,BENIGN,benign_dns.pcap_aug
1.0725,65.2425,0.0011,944.0334,64138.1929,0.0,0.0,0.0,0.0,0.0,0.9059,1.0893,1.0861,5.6003,391.657,0.0,0.0,0.9905,0.0,346.9815,0.0,389.8014,1.0,5.6077,13.2852,2.7791,0.0,58.1662,6.5247,5.3749,1.9247,0.0,0.8501,0.0,0.3904,0.0,0.0,0.0,0.0,BENIGN,benign_dns.pcap_aug
1.1155,66.5737,0.0011,907.682,73451.1457,0.0,0.0,0.0,0.0,0.0,0.9229,1.111,0.9437,5.4361,358.2835,0.0,0.0,1.0549,0.0,347.7229,0.0,373.2784,1.0,6.0164,14.5867,3.0551,0.0,57.0954,6.3007,4.2553,2.2401,0.0,0.8298,0.0,0.4211,0.0,0.0,0.0,0.0,BENIGN,benign_dns.pcap_aug
27.5098,1082.5889,4.838,4.6624,216.1557,0.9592,0.0367,0.2167,0.001,23.8019,0.9542,0.978,0.9766,24.7249,946.971,0.9809,0.0425,0.0,0.0,1084.2586,339968.7326,0.0034,1.0,0.9522,0.0,0.0,0.0,1051.9651,0.0,0.0,0.0,0.0,0.8801,0.0,0.0,0.0,0.0,0.0,0.0,BENIGN,benign_download.pcap_aug
237.2148,304783.6784,5.0756,52.0648,61725.978,0.0,0.0,0.0197,0.0,247.3976,1.0963,1.071,0.9207,225.0877,311149.6295,0.0,0.0,0.0,0.0,319890.7997,998.863,320.8564,0.0,1.0603,0.0,0.0,0.0,322855.9979,0.0,0.0,0.0,0.0,0.9339,0.0,0.0,0.0,0.0,0.0,0.0,BENIGN,benign_download.pcap_aug
2.7834,260.4435,0.0282,99.4026,10622.5088,0.8975,0.3265,0.0155,0.3089,2.0943,0.9987,0.9386,1.0375,2.644,311.7081,1.0648,0.3019,0.0,0.0,288.7183,0.0,271.1306,1.0,1.1099,0.0,0.0,0.0,295.2671,0.0,0.0,0.0,0.0,0.8921,0.0,0.0,15.0,9.0,1.0,0.0,BENIGN,benign_tls.pcap_aug
2.8194,288.2378,0.0297,107.2341,9223.2809,1.1171,0.341,0.0166,0.3646,2.0541,1.0526,1.0011,1.0793,3.0345,291.3578,1.0585,0.3313,0.0,0.0,250.6268,132.4466,1.9489,1.0,1.0638,0.0,0.0,0.0,267.3598,0.0,0.0,0.0,0.0,1.0304,0.0,0.0,13.0,8.0,1.0,4865.0,BENIGN,ja3s_control.pcap_aug
1.8918,126.702,0.0285,63.0142,4496.6367,1.0096,0.4566,0.0,0.0,0.0,0.9355,1.0465,1.0495,1.7908,137.8732,1.0102,0.4899,0.0,0.0,131.0793,260.902,0.5816,0.0,1.0202,0.0,0.0,0.0,147.6165,0.0,0.0,0.0,0.0,1.0856,0.0,0.0,0.0,0.0,0.0,4865.0,BENIGN,ja3s_control.pcap_aug
4.255,173.8612,0.1322,25.7179,1265.9298,1.0848,0.2772,0.049,0.0,3.1782,1.0111,1.0248,0.9329,29.8452,1409.9481,7.0957,0.2402,0.0,0.0,1493.5675,0.0,1399.1156,1.0,7.3569,273.8399,35.9049,0.8992,158.6785,0.0,0.0,0.0,0.0,0.9746,0.0,0.0,0.0,0.0,0.0,0.0,BENIGN,irregular_multiconn.pcap_aug
4.0618,158.6843,0.1551,24.3352,1182.3649,0.8921,0.2427,0.0465,0.0,2.8753,1.0627,0.971,1.0605,34.5492,1346.8607,7.1973,0.2212,0.0,0.0,1445.5475,0.0,1603.8083,1.0,7.7119,285.9455,42.0898,0.9053,189.9219,0.0,0.0,0.0,0.0,1.1079,0.0,0.0,0.0,0.0,0.0,0.0,BENIGN,irregular_multiconn.pcap_aug
3.7114,158.3955,0.1375,24.2745,1241.8675,1.0154,0.2331,0.0524,0.0,3.1922,0.9203,1.0257,1.0595,29.0396,1541.7374,8.8923,0.2265,0.0,0.0,1268.9852,0.0,1367.3735,1.0,8.3405,306.3494,38.4506,0.9186,160.7848,0.0,0.0,0.0,0.0,1.0457,0.0,0.0,0.0,0.0,0.0,0.0,BENIGN,irregular_multiconn.pcap_aug
4.1222,161.8977,0.1598,28.9086,1222.0924,0.9091,0.279,0.0534,0.0,2.89,0.9828,0.9689,1.0014,30.7807,1552.1422,8.6189,0.2263,0.0,0.0,1590.3635,0.0,1478.5979,1.0,8.6311,289.7321,38.8181,0.9225,198.9968,0.0,0.0,0.0,0.0,0.9448,0.0,0.0,0.0,0.0,0.0,0.0,BENIGN,irregular_multiconn.pcap_aug
4.2959,180.6399,0.1494,26.2544,1259.5004,0.9444,0.2711,0.054,0.0,2.7024,1.0916,0.9385,0.9915,32.8473,1390.411,7.0951,0.2711,0.0,0.0,1322.6547,0.0,1333.0614,1.0,8.5718,265.424,43.0275,0.9157,169.3885,0.0,0.0,0.0,0.0,0.8824,0.0,0.0,0.0,0.0,0.0,0.0,BENIGN,irregular_multiconn.pcap_aug
4.4301,161.1979,0.1579,26.5936,1267.2729,1.0457,0.2588,0.0499,0.0,3.2109,0.9023,0.9332,1.046,30.5117,1460.029,7.9487,0.2519,0.0,0.0,1406.3972,0.0,1516.5231,1.0,7.6751,289.4371,37.2608,0.8214,162.7034,0.0,0.0,0.0,0.0,0.9262,0.0,0.0,0.0,0.0,0.0,0.0,BENIGN,irregular_multiconn.pcap_aug
3.6348,180.5407,0.1594,24.6516,1112.107,0.9962,0.2635,0.0557,0.0,3.0177,0.9479,0.9041,0.9266,29.9071,1321.8305,7.0672,0.252,0.0,0.0,1354.4353,0.0,1595.0057,1.0,8.1024,289.0769,35.8921,0.9508,178.6081,0.0,0.0,0.0,0.0,1.0895,0.0,0.0,0.0,0.0,0.0,0.0,BENIGN,irregular_multiconn.pcap_aug
4.0711,177.6853,0.1479,24.6466,1064.8486,1.1059,0.2487,0.0539,0.0,2.9285,0.8978,1.0311,0.8929,29.3058,1453.5967,7.6234,0.2796,0.0,0.0,1300.8694,0.0,1522.8839,1.0,8.2041,295.2587,36.8328,0.8783,176.8741,0.0,0.0,0.0,0.0,0.9863,0.0,0.0,0.0,0.0,0.0,0.0,BENIGN,irregular_multiconn.pcap_aug
8.6915,916.4382,1.0963,7.1586,731.8048,1.0576,0.1384,0.1528,0.3287,7.2695,0.9177,0.9217,0.898,70.4514,8102.5913,10.2251,0.1187,0.0,0.0,7671.5452,0.0,8607.2891,0.0,10.4872,17.8014,2.0899,0.0,903.4257,0.0,0.0,0.0,0.0,1.0691,0.0,0.0,0.0,0.0,0.0,0.0,BENIGN,benign.pcap_aug
8.2401,851.7208,1.2697,6.8315,720.6695,1.0354,0.1373,0.1772,0.3169,6.4388,0.9538,1.0597,1.0166,75.9413,7460.728,10.4528,0.131,0.0,0.0,9071.1868,0.0,8200.9292,0.0,9.9851,16.1875,1.7791,0.0,806.6232,0.0,0.0,0.0,0.0,0.9574,0.0,0.0,0.0,0.0,0.0,0.0,BENIGN,benign.pcap_aug
7.5207,299.4369,166.6843,0.0576,2.2525,1.1082,0.14,22.322,0.3848,6.2276,1.0615,0.9929,1.0364,8.7989,306.6211,1.0205,0.129,0.0,0.0,331.3407,0.0,299.4302,1.0,0.9635,0.0,0.0,0.0,318.718,0.0,0.0,0.0,0.0,1.0408,0.0,0.0,0.0,0.0,0.0,0.0,BOTNET_C2,c2_beacon.pcap_aug
4.3434,171.6884,0.157,25.3112,1320.8359,1.0753,0.253,0.0495,0.0,2.8728,1.1128,0.977,1.0035,35.7488,1486.1847,8.0818,0.2448,0.0,0.0,1324.6284,0.0,1384.4963,1.0,8.4924,216.8356,31.9478,0.0359,181.1145,0.0,0.0,0.0,0.0,1.1026,0.0,0.0,0.0,0.0,0.0,0.0,BOTNET_C2,c2_multiconn.pcap_aug
3.9406,187.5168,0.1364,29.6948,1224.5134,0.9374,0.2295,0.0506,0.0,2.7071,1.1181,1.0991,0.9907,29.0621,1546.151,7.9969,0.263,0.0,0.0,1435.0491,0.0,1354.1307,1.0,8.6427,234.762,28.2219,0.0391,173.9989,0.0,0.0,0.0,0.0,1.1012,0.0,0.0,0.0,0.0,0.0,0.0,BOTNET_C2,c2_multiconn.pcap_aug
4.0079,195.2959,0.1631,25.2347,1276.3923,0.9796,0.2761,0.0501,0.0,3.2308,0.9479,0.9517,1.0209,35.8316,1428.4396,7.3253,0.2523,0.0,0.0,1378.7722,0.0,1449.843,1.0,8.0834,208.244,28.7852,0.0358,187.4845,0.0,0.0,0.0,0.0,1.0172,0.0,0.0,0.0,0.0,0.0,0.0,BOTNET_C2,c2_multiconn.pcap_aug
3.7442,190.8374,0.1336,28.2328,1252.1118,1.0747,0.2432,0.052,0.0,3.2309,1.1154,0.9989,0.8889,32.0176,1462.9932,8.7098,0.2725,0.0,0.0,1411.4844,0.0,1440.9189,1.0,7.9173,221.7379,29.4217,0.0401,164.1514,0.0,0.0,0.0,0.0,0.9927,0.0,0.0,0.0,0.0,0.0,0.0,BOTNET_C2,c2_multiconn.pcap_aug
4.4504,172.0646,0.1569,27.6256,1294.0781,1.0846,0.2716,0.0486,0.0,3.1575,1.0623,1.0894,0.8886,28.6855,1477.0774,8.8082,0.2798,0.0,0.0,1516.8087,0.0,1409.3073,1.0,7.229,217.2569,32.7604,0.0381,187.3343,0.0,0.0,0.0,0.0,1.0968,0.0,0.0,0.0,0.0,0.0,0.0,BOTNET_C2,c2_multiconn.pcap_aug
3.5642,191.7223,0.1426,25.8657,1091.8256,1.0075,0.254,0.0535,0.0,2.7624,0.899,1.089,1.0287,30.0096,1573.8811,7.3148,0.2477,0.0,0.0,1347.4469,0.0,1347.9107,1.0,7.058,225.8901,32.967,0.0403,164.3066,0.0,0.0,0.0,0.0,0.986,0.0,0.0,0.0,0.0,0.0,0.0,BOTNET_C2,c2_multiconn.pcap_aug
3.8517,182.7621,0.155,26.1823,1121.7625,1.0829,0.232,0.0486,0.0,2.9879,0.9369,1.0173,1.018,35.7839,1361.6249,8.9177,0.2595,0.0,0.0,1354.4934,0.0,1454.6585,1.0,8.3567,222.8607,26.8168,0.0396,178.8594,0.0,0.0,0.0,0.0,1.097,0.0,0.0,0.0,0.0,0.0,0.0,BOTNET_C2,c2_multiconn.pcap_aug
3.7947,191.839,0.1539,25.7215,1232.4599,1.029,0.2607,0.0527,0.0,3.2436,1.0308,1.0968,1.0351,30.5326,1411.6621,8.1528,0.2639,0.0,0.0,1291.137,0.0,1361.5836,1.0,8.4752,194.1133,27.4167,0.039,199.2552,0.0,0.0,0.0,0.0,1.0074,0.0,0.0,0.0,0.0,0.0,0.0,BOTNET_C2,c2_multiconn.pcap_aug
8.7939,358.3321,141.298,0.0575,2.203,1.0736,0.1324,20.606,0.3697,7.7777,0.9138,1.112,1.0864,8.4305,370.2418,1.1121,0.1341,0.0,0.0,321.305,0.0,355.1615,1.0,0.8833,0.0,0.0,0.0,334.9141,0.0,0.0,0.0,0.0,0.9891,0.0,0.0,0.0,0.0,0.0,0.0,BOTNET_C2,c2_beacon.pcap_aug
4.1659,186.4038,0.153,28.7301,1319.4321,0.906,0.234,0.0443,0.0,3.0442,1.0997,0.9331,0.8952,34.4872,1572.6983,7.6202,0.2445,0.0,0.0,1308.1986,0.0,1585.3712,1.0,7.6244,210.1274,27.1643,0.0422,163.3481,0.0,0.0,0.0,0.0,0.9889,0.0,0.0,0.0,0.0,0.0,0.0,BOTNET_C2,c2_multiconn.pcap_aug
4.1637,189.4453,0.1661,26.1491,1262.7184,0.9171,0.2449,0.0452,0.0,2.9338,1.1084,0.8879,0.9689,31.5652,1586.8468,8.6825,0.226,0.0,0.0,1495.8146,0.0,1447.282,1.0,8.9175,203.3602,29.3363,0.0358,162.768,0.0,0.0,0.0,0.0,1.0835,0.0,0.0,0.0,0.0,0.0,0.0,BOTNET_C2,c2_multiconn.pcap_aug
3.9565,185.9925,0.1551,27.2884,1056.2511,1.0688,0.2346,0.0455,0.0,3.0465,0.8965,1.0636,0.9297,29.8185,1559.0569,7.6708,0.2289,0.0,0.0,1569.6545,0.0,1261.1345,1.0,8.6881,192.5496,27.401,0.0363,165.0164,0.0,0.0,0.0,0.0,1.0387,0.0,0.0,0.0,0.0,0.0,0.0,BOTNET_C2,c2_multiconn.pcap_aug
3.5447,158.1584,0.1604,24.9895,1142.8626,0.9218,0.2231,0.0529,0.0,3.0188,1.059,0.9943,1.0667,32.1017,1297.6397,8.0074,0.2767,0.0,0.0,1275.0637,0.0,1529.3395,1.0,8.7046,211.5837,29.7686,0.043,160.1331,0.0,0.0,0.0,0.0,0.995,0.0,0.0,0.0,0.0,0.0,0.0,BOTNET_C2,c2_multiconn.pcap_aug
3.9056,186.9947,0.1496,29.2887,1071.1804,0.8994,0.2565,0.0448,0.0,3.0958,1.0116,0.958,1.1187,32.2347,1416.0929,8.2024,0.226,0.0,0.0,1501.3476,0.0,1553.2478,1.0,8.2898,224.088,31.6653,0.036,176.9188,0.0,0.0,0.0,0.0,0.9348,0.0,0.0,0.0,0.0,0.0,0.0,BOTNET_C2,c2_multiconn.pcap_aug
3.8454,177.0023,0.147,24.0752,1172.3597,1.0396,0.2425,0.0458,0.0,3.3045,0.8961,1.0796,0.9024,28.9016,1514.0694,8.5986,0.2534,0.0,0.0,1461.7163,0.0,1453.166,1.0,7.6729,191.4151,29.0148,0.0402,189.7522,0.0,0.0,0.0,0.0,1.0883,0.0,0.0,0.0,0.0,0.0,0.0,BOTNET_C2,c2_multiconn.pcap_aug
4.2122,199.1224,0.1536,25.7172,1215.6504,0.9311,0.2594,0.0467,0.0,2.7179,1.0829,0.9682,1.063,32.5691,1537.5858,8.6627,0.2785,0.0,0.0,1541.4369,0.0,1471.0329,1.0,8.274,186.5663,33.1682,0.0417,169.0096,0.0,0.0,0.0,0.0,0.9233,0.0,0.0,0.0,0.0,0.0,0.0,BOTNET_C2,c2_multiconn.pcap_aug
4.1946,170.794,0.1442,23.5057,1299.2612,1.0159,0.244,0.0457,0.0,2.6621,1.0591,0.9316,0.9808,30.7781,1387.3398,8.4255,0.2666,0.0,0.0,1455.2306,0.0,1289.358,1.0,7.141,193.1923,30.9219,0.0403,169.2095,0.0,0.0,0.0,0.0,1.0389,0.0,0.0,0.0,0.0,0.0,0.0,BOTNET_C2,c2_multiconn.pcap_aug
7.9725,327.3821,141.8813,0.0566,2.0075,0.9832,0.1185,22.3539,0.406,7.2808,0.8909,0.9749,1.0238,7.0548,316.1771,0.9307,0.1141,0.0,0.0,312.5198,0.0,318.3048,1.0,0.8819,0.0,0.0,0.0,351.6821,0.0,0.0,0.0,0.0,0.9222,0.0,0.0,0.0,0.0,0.0,0.0,BOTNET_C2,c2_beacon.pcap_aug
3.885,187.7497,0.15,28.8001,1281.0283,0.8973,0.2717,0.0445,0.0,3.3032,1.0869,1.0182,1.0176,33.609,1403.7131,7.2611,0.2213,0.0,0.0,1371.7763,0.0,1535.5584,1.0,8.2268,227.2739,33.101,0.0348,193.799,0.0,0.0,0.0,0.0,0.9384,0.0,0.0,0.0,0.0,0.0,0.0,BOTNET_C2,c2_multiconn.pcap_aug
4.0853,180.0294,0.1462,25.4524,1147.3692,0.9599,0.2301,0.0501,0.0,3.0072,1.0974,0.9639,1.0546,34.4495,1540.2719,7.4936,0.2288,0.0,0.0,1327.9584,0.0,1467.1925,1.0,8.4996,218.3563,27.7413,0.0412,178.7473,0.0,0.0,0.0,0.0,1.0611,0.0,0.0,0.0,0.0,0.0,0.0,BOTNET_C2,c2_multiconn.pcap_aug
4.2495,176.805,0.1653,27.0794,1232.0839,1.0299,0.2719,0.0515,0.0,2.7487,0.8964,0.9861,0.9527,30.2695,1279.4652,8.0141,0.2386,0.0,0.0,1415.4738,0.0,1279.712,1.0,8.6369,189.1165,32.7003,0.0419,183.9408,0.0,0.0,0.0,0.0,1.0017,0.0,0.0,0.0,0.0,0.0,0.0,BOTNET_C2,c2_multiconn.pcap_aug
3.9642,181.3334,0.1605,29.2003,1178.9382,1.0744,0.2591,0.0479,0.0,2.9825,0.9162,0.8948,0.9048,35.0653,1378.1927,8.4115,0.2503,0.0,0.0,1319.465,0.0,1345.3046,1.0,7.8805,207.4396,30.2356,0.0355,173.5377,0.0,0.0,0.0,0.0,0.9479,0.0,0.0,0.0,0.0,0.0,0.0,BOTNET_C2,c2_multiconn.pcap_aug
3.9124,172.0563,0.1535,28.5177,1235.5208,0.8958,0.2257,0.0521,0.0,3.1611,1.0376,1.0975,1.0896,30.7202,1460.4359,7.3115,0.241,0.0,0.0,1592.7379,0.0,1500.2136,1.0,7.7926,215.3015,33.2326,0.0369,173.7021,0.0,0.0,0.0,0.0,1.07,0.0,0.0,0.0,0.0,0.0,0.0,BOTNET_C2,c2_multiconn.pcap_aug
4.3007,186.3082,0.1618,28.1949,1246.4372,1.0063,0.2588,0.0491,0.0,2.9005,0.967,0.9233,0.9314,35.4381,1427.2816,7.475,0.2283,0.0,0.0,1286.6801,0.0,1550.3731,1.0,7.2342,224.1846,32.49,0.0422,159.1416,0.0,0.0,0.0,0.0,0.9608,0.0,0.0,0.0,0.0,0.0,0.0,BOTNET_C2,c2_multiconn.pcap_aug
4.2557,163.1499,0.1456,24.5051,1288.2318,1.0651,0.2685,0.046,0.0,2.9551,0.9786,1.0423,0.937,31.5714,1358.084,8.4772,0.2469,0.0,0.0,1443.689,0.0,1366.5179,1.0,8.5926,208.9347,32.49,0.0374,198.2087,0.0,0.0,0.0,0.0,1.1163,0.0,0.0,0.0,0.0,0.0,0.0,BOTNET_C2,c2_multiconn.pcap_aug
3.9632,169.6249,0.1457,26.8424,1326.8717,1.0761,0.2681,0.0457,0.0,3.1016,1.0898,1.0131,0.9046,34.6565,1552.6887,7.5873,0.2658,0.0,0.0,1353.9129,0.0,1571.2956,1.0,7.3229,207.3411,33.2933,0.0361,176.9005,0.0,0.0,0.0,0.0,0.9639,0.0,0.0,0.0,0.0,0.0,0.0,BOTNET_C2,c2_multiconn.pcap_aug
7.0912,296.4035,150.1223,0.0499,2.4752,0.97,0.1108,23.6521,0.4405,7.2519,1.0699,0.913,0.9489,8.6331,347.623,0.9133,0.1312,0.0,0.0,327.9046,0.0,292.5784,1.0,0.899,0.0,0.0,0.0,312.552,0.0,0.0,0.0,0.0,1.0804,0.0,0.0,0.0,0.0,0.0,0.0,BOTNET_C2,c2_beacon.pcap_aug
4.0469,188.762,0.151,24.1782,1132.6449,0.9523,0.2229,0.049,0.0,2.9691,0.9066,1.0972,1.0232,28.2862,1437.2843,7.5045,0.2286,0.0,0.0,1407.6808,0.0,1471.4578,1.0,7.5019,206.285,31.2577,0.0348,199.3912,0.0,0.0,0.0,0.0,0.8962,0.0,0.0,0.0,0.0,0.0,0.0,BOTNET_C2,c2_multiconn.pcap_aug
4.025,179.3148,0.1676,27.0132,1161.9585,0.9928,0.2581,0.0558,0.0,2.6517,1.0692,0.9628,1.0559,32.985,1525.3096,8.4516,0.24,0.0,0.0,1275.3973,0.0,1447.814,1.0,8.6019,194.0855,32.086,0.0383,187.3939,0.0,0.0,0.0,0.0,1.0316,0.0,0.0,0.0,0.0,0.0,0.0,BOTNET_C2,c2_multiconn.pcap_aug
4.299,160.2308,0.1599,26.3958,1134.1764,0.8905,0.232,0.0445,0.0,3.312,1.0037,1.1174,1.0103,30.1054,1519.051,7.4069,0.2414,0.0,0.0,1528.5196,0.0,1557.7176,1.0,7.6773,191.5285,29.1189,0.0423,189.4525,0.0,0.0,0.0,0.0,1.0947,0.0,0.0,0.0,0.0,0.0,0.0,BOTNET_C2,c2_multiconn.pcap_aug
3.8912,199.3512,0.1499,26.6508,1314.8571,1.0046,0.2681,0.0527,0.0,2.6968,1.0246,1.0774,1.0109,30.6269,1287.6781,8.309,0.2384,0.0,0.0,1467.269,0.0,1406.6076,1.0,8.3643,203.0002,26.7685,0.0421,172.6659,0.0,0.0,0.0,0.0,1.1196,0.0,0.0,0.0,0.0,0.0,0.0,BOTNET_C2,c2_multiconn.pcap_aug
3.7836,199.622,0.1661,23.9469,1232.7161,0.9672,0.2681,0.0522,0.0,2.7428,1.0258,1.0675,0.8884,28.6764,1527.7202,7.7434,0.243,0.0,0.0,1455.1106,0.0,1468.119,1.0,8.3438,233.1746,29.1477,0.0411,182.1757,0.0,0.0,0.0,0.0,1.0071,0.0,0.0,0.0,0.0,0.0,0.0,BOTNET_C2,c2_multiconn.pcap_aug
3.9021,185.4251,0.141,24.1928,1260.8318,0.9998,0.2432,0.0507,0.0,2.8285,0.9425,0.9871,1.1191,30.3532,1575.1355,7.9831,0.2274,0.0,0.0,1553.2593,0.0,1415.518,1.0,8.7655,207.727,27.0965,0.0403,193.8436,0.0,0.0,0.0,0.0,0.9567,0.0,0.0,0.0,0.0,0.0,0.0,BOTNET_C2,c2_multiconn.pcap_aug
3.8535,160.3098,0.1515,29.1712,1293.9647,1.0508,0.2756,0.0517,0.0,3.2115,1.0021,0.9091,0.9282,29.2266,1531.7954,7.0905,0.2532,0.0,0.0,1386.9474,0.0,1536.3625,1.0,8.0992,216.1556,27.0851,0.0369,200.4626,0.0,0.0,0.0,0.0,1.0525,0.0,0.0,0.0,0.0,0.0,0.0,BOTNET_C2,c2_multiconn.pcap_aug
4.0247,190.5633,0.1616,23.9387,1328.622,1.0342,0.247,0.0522,0.0,3.2721,1.0673,1.0336,0.9237,35.5809,1408.8423,8.7886,0.2233,0.0,0.0,1302.8317,0.0,1312.7484,1.0,7.3561,201.5408,31.5822,0.0372,197.9412,0.0,0.0,0.0,0.0,1.0948,0.0,0.0,0.0,0.0,0.0,0.0,BOTNET_C2,c2_multiconn.pcap_aug
8.6642,312.1282,154.9137,0.054,2.0136,0.9527,0.126,21.449,0.3749,7.7419,0.917,1.0381,1.053,8.2019,359.2928,1.0153,0.1348,0.0,0.0,294.4208,0.0,295.7824,1.0,1.0339,0.0,0.0,0.0,338.1171,0.0,0.0,0.0,0.0,1.0363,0.0,0.0,0.0,0.0,0.0,0.0,BOTNET_C2,c2_beacon.pcap_aug
4.2563,175.4166,0.155,26.6541,1229.7523,0.9495,0.2774,0.0498,0.0,3.1332,0.9514,0.8975,0.8944,31.5362,1426.5874,7.4317,0.2564,0.0,0.0,1367.5884,0.0,1507.047,1.0,8.4497,228.7265,33.5023,0.0352,173.4384,0.0,0.0,0.0,0.0,1.0148,0.0,0.0,0.0,0.0,0.0,0.0,BOTNET_C2,c2_multiconn.pcap_aug
3.8264,177.5597,0.1416,25.0533,1077.8595,0.9497,0.243,0.0514,0.0,3.263,0.9183,0.9586,1.0186,30.5617,1522.4296,7.9967,0.2509,0.0,0.0,1431.5737,0.0,1366.1992,1.0,7.0845,232.9932,30.1107,0.043,166.7626,0.0,0.0,0.0,0.0,0.9647,0.0,0.0,0.0,0.0,0.0,0.0,BOTNET_C2,c2_multiconn.pcap_aug
3.5685,178.7807,0.1638,27.654,1184.9105,1.0088,0.2708,0.0492,0.0,3.2754,1.0546,1.0633,0.9678,31.2365,1456.1544,7.4137,0.2532,0.0,0.0,1285.4314,0.0,1433.4625,1.0,8.5077,199.3715,33.6013,0.0403,162.6241,0.0,0.0,0.0,0.0,1.114,0.0,0.0,0.0,0.0,0.0,0.0,BOTNET_C2,c2_multiconn.pcap_aug
3.8981,191.6688,0.1442,29.476,1266.3566,0.9278,0.2505,0.05,0.0,2.6726,0.9129,0.9599,0.9937,31.6697,1468.5196,8.0298,0.2397,0.0,0.0,1470.8593,0.0,1316.0087,1.0,8.942,222.5904,28.6225,0.0371,193.1033,0.0,0.0,0.0,0.0,1.0078,0.0,0.0,0.0,0.0,0.0,0.0,BOTNET_C2,c2_multiconn.pcap_aug
4.2004,170.399,0.1614,25.8241,1243.1107,1.1152,0.255,0.0536,0.0,3.1354,0.8864,0.9939,1.1121,34.1727,1526.9114,8.1491,0.2633,0.0,0.0,1460.7053,0.0,1318.7616,1.0,8.2477,216.5491,32.5337,0.0354,186.764,0.0,0.0,0.0,0.0,0.8876,0.0,0.0,0.0,0.0,0.0,0.0,BOTNET_C2,c2_multiconn.pcap_aug
4.4303,162.2411,0.1327,25.4743,1093.5043,1.0457,0.2446,0.0533,0.0,3.3028,1.0895,1.0566,0.8949,29.2205,1331.4192,7.6641,0.2597,0.0,0.0,1440.756,0.0,1367.9905,1.0,7.3725,231.3205,28.9335,0.0373,190.6847,0.0,0.0,0.0,0.0,1.053,0.0,0.0,0.0,0.0,0.0,0.0,BOTNET_C2,c2_multiconn.pcap_aug
4.1376,187.3047,0.154,24.6972,1120.7375,1.0139,0.2335,0.0557,0.0,2.8543,0.9494,0.9297,1.0492,30.5949,1380.0367,8.8327,0.2677,0.0,0.0,1354.1419,0.0,1302.0457,1.0,8.3391,204.4222,33.5368,0.0416,198.53,0.0,0.0,0.0,0.0,1.0731,0.0,0.0,0.0,0.0,0.0,0.0,BOTNET_C2,c2_multiconn.pcap_aug
3.7988,169.8766,0.1577,25.6834,1176.8291,0.9415,0.2487,0.0464,0.0,3.3118,1.0471,0.9129,1.0278,32.6669,1343.488,8.3261,0.2519,0.0,0.0,1479.4088,0.0,1278.2001,1.0,7.8335,221.4809,27.1885,0.0412,157.7426,0.0,0.0,0.0,0.0,1.0121,0.0,0.0,0.0,0.0,0.0,0.0,BOTNET_C2,c2_multiconn.pcap_aug
8.8239,324.5824,165.7164,0.0582,2.2006,0.9279,0.1389,20.5157,0.4216,7.6853,0.9015,1.0178,1.0084,8.4284,366.7938,1.0992,0.1153,0.0,0.0,362.4573,0.0,306.1668,1.0,1.1007,0.0,0.0,0.0,371.6146,0.0,0.0,0.0,0.0,0.9753,0.0,0.0,0.0,0.0,0.0,0.0,BOTNET_C2,c2_beacon.pcap_aug
3.9956,197.7567,0.1666,29.3933,1301.2317,0.8822,0.2541,0.0453,0.0,2.8449,1.1174,1.0104,0.9985,35.3681,1552.6522,7.9386,0.2316,0.0,0.0,1298.8744,0.0,1316.006,1.0,7.9211,198.237,27.8067,0.0408,191.4914,0.0,0.0,0.0,0.0,1.0163,0.0,0.0,0.0,0.0,0.0,0.0,BOTNET_C2,c2_multiconn.pcap_aug
4.247,165.0593,0.1628,29.2077,1286.9824,1.0037,0.2252,0.052,0.0,2.7412,0.9577,0.9395,0.9426,29.9688,1519.2111,8.8717,0.2381,0.0,0.0,1508.6003,0.0,1264.0902,1.0,8.2951,220.2387,26.9112,0.0351,170.7004,0.0,0.0,0.0,0.0,0.9773,0.0,0.0,0.0,0.0,0.0,0.0,BOTNET_C2,c2_multiconn.pcap_aug
4.0024,195.9743,0.1573,25.4569,1083.7622,1.0999,0.2377,0.0514,0.0,2.7978,0.9121,0.9168,1.0595,32.8121,1403.0778,8.0945,0.2482,0.0,0.0,1444.8941,0.0,1488.396,1.0,7.4594,197.742,31.9099,0.0421,161.0371,0.0,0.0,0.0,0.0,0.9872,0.0,0.0,0.0,0.0,0.0,0.0,BOTNET_C2,c2_multiconn.pcap_aug
4.1956,160.8753,0.1523,23.8619,1206.9812,1.0013,0.2544,0.0458,0.0,2.8762,1.0049,0.9079,0.9293,32.6386,1291.4148,8.0199,0.2685,0.0,0.0,1415.9956,0.0,1436.553,1.0,7.9171,188.1569,29.7999,0.0415,188.5921,0.0,0.0,0.0,0.0,0.975,0.0,0.0,0.0,0.0,0.0,0.0,BOTNET_C2,c2_multiconn.pcap_aug
4.3038,189.5598,0.1528,23.7565,1148.8057,0.8953,0.2796,0.0552,0.0,3.3123,0.8876,0.9781,1.0646,34.0416,1596.3936,8.2801,0.2452,0.0,0.0,1601.385,0.0,1391.6106,1.0,8.7097,231.0499,29.1739,0.0403,185.9506,0.0,0.0,0.0,0.0,1.0094,0.0,0.0,0.0,0.0,0.0,0.0,BOTNET_C2,c2_multiconn.pcap_aug
3.1105,167.6429,0.0277,100.8943,5840.1544,1.0547,0.3111,0.0132,0.2952,1.9032,1.0416,1.0107,1.0077,3.2328,163.4561,0.9631,0.3154,0.0,0.0,192.2663,0.0,183.397,1.0,0.9071,0.0,0.0,0.0,186.9238,0.0,0.0,0.0,0.0,0.9806,0.0,0.0,2.0,0.0,0.0,0.0,MALWARE_ENCRYPTED,encrypted_anomaly.pcap_aug
3.1916,292.6832,0.0265,92.946,8077.6636,0.8881,0.3412,0.0157,0.2972,2.1155,0.9765,0.9362,0.9321,3.2619,239.4705,1.0009,0.3165,0.0,0.0,288.3114,42.2226,6.4088,1.0,1.0235,0.0,0.0,0.0,279.0973,0.0,0.0,0.0,0.0,0.957,0.0,0.0,12.0,8.0,1.0,0.0,MALWARE_ENCRYPTED,ja3_demo.pcap_aug
2.8573,243.2257,0.0312,93.3044,8442.0737,0.8946,0.3692,0.0164,0.3663,2.0605,0.9825,0.9989,1.1133,3.3179,276.9385,1.0686,0.3188,0.0,0.0,260.6582,131.877,1.7925,1.0,1.0611,0.0,0.0,0.0,264.3094,0.0,0.0,0.0,0.0,1.0838,0.0,0.0,13.0,8.0,1.0,49199.0,MALWARE_ENCRYPTED,ja3s_demo.pcap_aug
2.8565,182.6684,0.0322,109.9539,5886.8469,1.1123,0.3379,0.0137,0.3128,1.8576,1.0352,1.1013,1.0833,2.7066,183.3787,0.9257,0.3148,0.0,0.0,181.2525,0.0,178.298,1.0,1.0897,0.0,0.0,0.0,160.9777,0.0,0.0,0.0,0.0,1.0628,0.0,0.0,2.0,0.0,0.0,0.0,MALWARE_ENCRYPTED,encrypted_anomaly.pcap_aug
3.1615,271.7853,0.0299,108.8675,8575.217,1.1097,0.2946,0.0166,0.3703,1.8163,1.1199,0.9949,0.9382,3.0752,248.9943,1.0996,0.3375,0.0,0.0,285.7211,38.8544,6.7541,1.0,0.9662,0.0,0.0,0.0,252.6636,0.0,0.0,0.0,0.0,1.0031,0.0,0.0,12.0,8.0,1.0,0.0,MALWARE_ENCRYPTED,ja3_demo.pcap_aug
2.998,240.3751,0.0335,99.2671,9589.5476,1.0994,0.323,0.0147,0.3383,1.8662,0.915,0.9426,1.1043,3.057,260.7382,0.9166,0.3197,0.0,0.0,258.329,155.521,1.8469,1.0,1.0371,0.0,0.0,0.0,277.8006,0.0,0.0,0.0,0.0,0.9418,0.0,0.0,13.0,8.0,1.0,49199.0,MALWARE_ENCRYPTED,ja3s_demo.pcap_aug
3.2315,193.4814,0.031,99.7744,5338.1863,1.0708,0.3069,0.0158,0.3324,2.2001,1.0101,1.034,0.8941,2.6644,188.4781,1.1068,0.3468,0.0,0.0,185.0388,0.0,170.3415,1.0,1.0822,0.0,0.0,0.0,162.7847,0.0,0.0,0.0,0.0,1.0497,0.0,0.0,2.0,0.0,0.0,0.0,MALWARE_ENCRYPTED,encrypted_anomaly.pcap_aug
2.6466,268.3687,0.0291,102.8281,9290.8643,1.028,0.332,0.015,0.2939,2.0248,0.8828,1.0071,0.9459,3.3438,236.9426,1.0752,0.3473,0.0,0.0,287.6927,43.9338,6.0681,1.0,0.9031,0.0,0.0,0.0,245.4171,0.0,0.0,0.0,0.0,0.9261,0.0,0.0,12.0,8.0,1.0,0.0,MALWARE_ENCRYPTED,ja3_demo.pcap_aug
3.019,286.1233,0.0283,97.5248,8596.4603,0.9774,0.3385,0.0168,0.3114,2.0883,1.0835,1.0369,1.086,3.1869,240.0491,0.971,0.3375,0.0,0.0,237.6624,127.0466,1.7015,1.0,1.0,0.0,0.0,0.0,261.7808,0.0,0.0,0.0,0.0,1.0683,0.0,0.0,13.0,8.0,1.0,49199.0,MALWARE_ENCRYPTED,ja3s_demo.pcap_aug
3.0474,188.9484,0.0271,100.6759,5163.237,0.9307,0.3628,0.0164,0.3314,1.7823,0.8978,1.1021,1.0958,3.0457,154.494,1.1029,0.3185,0.0,0.0,193.271,0.0,177.6346,1.0,1.0605,0.0,0.0,0.0,182.8828,0.0,0.0,0.0,0.0,0.9756,0.0,0.0,2.0,0.0,0.0,0.0,MALWARE_ENCRYPTED,encrypted_anomaly.pcap_aug
2.6954,246.2888,0.0281,108.0317,8695.6934,1.0952,0.3199,0.0159,0.3045,2.2345,1.0538,1.0002,1.1138,2.6787,263.9535,1.0813,0.3206,0.0,0.0,285.3024,44.3666,6.5339,1.0,1.0657,0.0,0.0,0.0,237.7455,0.0,0.0,0.0,0.0,0.9456,0.0,0.0,12.0,8.0,1.0,0.0,MALWARE_ENCRYPTED,ja3_demo.pcap_aug
3.3547,265.4001,0.029,110.5867,8721.5781,1.0431,0.3462,0.0135,0.3428,2.1431,1.0511,0.8997,0.917,3.1524,274.5482,1.0575,0.3187,0.0,0.0,240.8822,126.8995,1.7622,1.0,0.9664,0.0,0.0,0.0,251.3019,0.0,0.0,0.0,0.0,0.9118,0.0,0.0,13.0,8.0,1.0,49199.0,MALWARE_ENCRYPTED,ja3s_demo.pcap_aug
2.7749,171.8637,0.0304,97.7932,5140.5615,0.9649,0.3008,0.0154,0.3193,1.9449,0.95,0.9731,0.9003,3.2888,190.9215,1.1148,0.3391,0.0,0.0,160.2018,0.0,169.0194,1.0,0.9133,0.0,0.0,0.0,165.6952,0.0,0.0,0.0,0.0,0.9983,0.0,0.0,2.0,0.0,0.0,0.0,MALWARE_ENCRYPTED,encrypted_anomaly.pcap_aug
2.6856,263.7984,0.0294,99.6216,8026.2604,0.9404,0.3131,0.0155,0.3408,1.8539,0.9057,0.9531,1.1077,2.8792,275.7308,1.073,0.3197,0.0,0.0,257.3702,43.0286,7.2781,1.0,1.1138,0.0,0.0,0.0,244.5955,0.0,0.0,0.0,0.0,0.957,0.0,0.0,12.0,8.0,1.0,0.0,MALWARE_ENCRYPTED,ja3_demo.pcap_aug
3.322,246.9024,0.0287,111.149,9864.045,0.9499,0.3489,0.015,0.3394,1.8764,0.9703,1.076,0.9743,2.722,270.0762,1.0221,0.337,0.0,0.0,277.6005,145.7314,2.0481,1.0,0.9908,0.0,0.0,0.0,279.3022,0.0,0.0,0.0,0.0,0.9852,0.0,0.0,13.0,8.0,1.0,49199.0,MALWARE_ENCRYPTED,ja3s_demo.pcap_aug
2.8498,182.0528,0.0323,107.0959,5673.5305,0.9998,0.344,0.0141,0.346,2.1033,1.0694,0.8978,1.1178,2.985,169.8576,1.0016,0.367,0.0,0.0,182.0058,0.0,175.8226,1.0,1.0698,0.0,0.0,0.0,168.134,0.0,0.0,0.0,0.0,1.0949,0.0,0.0,2.0,0.0,0.0,0.0,MALWARE_ENCRYPTED,encrypted_anomaly.pcap_aug
3.0266,276.8878,0.027,106.455,9271.2401,0.9652,0.3451,0.0134,0.372,2.0852,0.9759,1.0606,1.1118,2.9499,236.5184,0.9421,0.3342,0.0,0.0,269.2091,40.773,6.821,1.0,0.987,0.0,0.0,0.0,260.9977,0.0,0.0,0.0,0.0,1.0654,0.0,0.0,12.0,8.0,1.0,0.0,MALWARE_ENCRYPTED,ja3_demo.pcap_aug
3.0638,266.0297,0.0289,88.5889,8025.0916,0.9798,0.3703,0.0136,0.3686,1.828,0.9549,0.9893,0.9296,2.9877,264.4782,0.9852,0.3491,0.0,0.0,254.4392,137.0971,1.9847,1.0,0.9076,0.0,0.0,0.0,288.2917,0.0,0.0,0.0,0.0,1.0355,0.0,0.0,13.0,8.0,1.0,49199.0,MALWARE_ENCRYPTED,ja3s_demo.pcap_aug
3.1275,159.9834,0.0335,93.854,5346.844,0.9184,0.3381,0.0167,0.3119,1.9544,0.9243,1.0337,0.9837,2.661,178.7651,0.9274,0.3407,0.0,0.0,169.3578,0.0,182.5498,1.0,0.9294,0.0,0.0,0.0,184.5371,0.0,0.0,0.0,0.0,1.0741,0.0,0.0,2.0,0.0,0.0,0.0,MALWARE_ENCRYPTED,encrypted_anomaly.pcap_aug
2.685,242.3847,0.0327,92.4871,8560.2531,0.9898,0.3143,0.0163,0.3356,2.0668,1.0233,1.0267,1.0209,2.8905,290.2237,1.0282,0.3584,0.0,0.0,281.2492,38.0555,6.8841,1.0,0.9003,0.0,0.0,0.0,244.4555,0.0,0.0,0.0,0.0,0.9083,0.0,0.0,12.0,8.0,1.0,0.0,MALWARE_ENCRYPTED,ja3_demo.pcap_aug
2.8599,245.7656,0.0314,100.2591,8692.6187,0.9131,0.324,0.0139,0.3442,2.0928,1.0349,1.12,1.0132,2.9925,243.0365,0.9555,0.3294,0.0,0.0,237.5025,139.1284,1.6298,1.0,0.9128,0.0,0.0,0.0,286.1234,0.0,0.0,0.0,0.0,1.1113,0.0,0.0,13.0,8.0,1.0,49199.0,MALWARE_ENCRYPTED,ja3s_demo.pcap_aug
3.0039,173.7899,0.0313,97.9752,6273.1354,0.9973,0.2999,0.0133,0.3542,1.9002,0.946,1.009,0.9204,2.9693,184.1276,1.0638,0.3373,0.0,0.0,157.8477,0.0,157.8893,1.0,1.066,0.0,0.0,0.0,187.5003,0.0,0.0,0.0,0.0,0.968,0.0,0.0,2.0,0.0,0.0,0.0,MALWARE_ENCRYPTED,encrypted_anomaly.pcap_aug
3.2323,238.5164,0.0316,101.1126,9983.422,0.9046,0.3597,0.0159,0.3172,2.2397,0.9879,0.9637,1.076,2.9561,299.7714,1.0662,0.3123,0.0,0.0,287.9844,40.8441,6.4598,1.0,1.0506,0.0,0.0,0.0,276.5398,0.0,0.0,0.0,0.0,0.9198,0.0,0.0,12.0,8.0,1.0,0.0,MALWARE_ENCRYPTED,ja3_demo.pcap_aug
2.7402,247.2706,0.0279,89.424,8549.1422,0.9475,0.3364,0.0144,0.3497,1.8989,0.9442,1.0859,1.1165,3.1291,240.1592,1.1111,0.3562,0.0,0.0,292.7342,161.0203,2.0099,1.0,0.9105,0.0,0.0,0.0,289.3705,0.0,0.0,0.0,0.0,0.9399,0.0,0.0,13.0,8.0,1.0,49199.0,MALWARE_ENCRYPTED,ja3s_demo.pcap_aug
3.1522,187.7174,0.0319,104.2297,5785.3321,1.0186,0.3148,0.0147,0.3295,2.0641,1.0912,0.9023,1.0037,2.8403,192.2214,0.9686,0.3694,0.0,0.0,166.7876,0.0,153.2233,1.0,1.0658,0.0,0.0,0.0,183.7186,0.0,0.0,0.0,0.0,1.0554,0.0,0.0,2.0,0.0,0.0,0.0,MALWARE_ENCRYPTED,encrypted_anomaly.pcap_aug
2.9701,278.5577,0.029,89.52,9007.148,0.9323,0.3277,0.014,0.3148,2.1576,0.9611,1.0187,1.0159,2.9894,257.9493,1.0438,0.2972,0.0,0.0,242.2446,42.7253,6.635,1.0,0.9098,0.0,0.0,0.0,291.0042,0.0,0.0,0.0,0.0,0.9859,0.0,0.0,12.0,8.0,1.0,0.0,MALWARE_ENCRYPTED,ja3_demo.pcap_aug
2.6405,295.2407,0.0279,104.5255,8083.3212,1.036,0.3061,0.0166,0.3153,2.0742,0.9401,0.9692,1.0969,2.7592,259.3824,0.9533,0.3493,0.0,0.0,249.0277,149.3736,1.9375,1.0,0.8803,0.0,0.0,0.0,264.5193,0.0,0.0,0.0,0.0,0.9118,0.0,0.0,13.0,8.0,1.0,49199.0,MALWARE_ENCRYPTED,ja3s_demo.pcap_aug
2.8029,181.5161,0.0265,104.6944,6241.4217,1.1172,0.3271,0.0137,0.299,1.9439,1.0554,0.9046,0.9552,3.2743,158.8465,1.0656,0.3536,0.0,0.0,158.6802,0.0,194.5852,1.0,0.9143,0.0,0.0,0.0,175.274,0.0,0.0,0.0,0.0,0.882,0.0,0.0,2.0,0.0,0.0,0.0,MALWARE_ENCRYPTED,encrypted_anomaly.pcap_aug
3.108,264.1472,0.0316,103.074,8185.8873,0.9788,0.3483,0.0163,0.3003,1.8082,1.0606,1.0215,0.9722,3.3335,256.0689,0.9136,0.3155,0.0,0.0,241.2589,40.5126,6.8608,1.0,1.0258,0.0,0.0,0.0,285.9433,0.0,0.0,0.0,0.0,1.0457,0.0,0.0,12.0,8.0,1.0,0.0,MALWARE_ENCRYPTED,ja3_demo.pcap_aug
3.2505,276.1126,0.0286,100.4253,8886.8685,1.0595,0.317,0.0134,0.3652,2.2182,0.9988,0.9071,0.9999,3.0676,267.8058,1.1146,0.3723,0.0,0.0,293.7017,131.2813,2.0072,1.0,1.0164,0.0,0.0,0.0,257.4079,0.0,0.0,0.0,0.0,1.0439,0.0,0.0,13.0,8.0,1.0,49199.0,MALWARE_ENCRYPTED,ja3s_demo.pcap_aug
3.1892,192.978,0.0319,88.4006,5198.0103,0.9429,0.2965,0.0134,0.3565,2.0032,1.0309,1.0003,0.9797,3.1453,156.5622,1.0088,0.3426,0.0,0.0,164.7071,0.0,166.0617,1.0,1.0027,0.0,0.0,0.0,161.6055,0.0,0.0,0.0,0.0,1.0739,0.0,0.0,2.0,0.0,0.0,0.0,MALWARE_ENCRYPTED,encrypted_anomaly.pcap_aug
3.0262,260.9719,0.031,108.0287,9321.5256,0.8959,0.3492,0.0158,0.3611,1.7878,0.9007,0.9843,0.9888,3.0784,255.7335,1.058,0.3526,0.0,0.0,243.5226,41.9958,7.024,1.0,0.9193,0.0,0.0,0.0,297.138,0.0,0.0,0.0,0.0,1.0055,0.0,0.0,12.0,8.0,1.0,0.0,MALWARE_ENCRYPTED,ja3_demo.pcap_aug
3.2038,280.0937,0.0276,91.0457,9464.8323,0.9445,0.3642,0.016,0.2957,2.1474,0.9453,0.8953,1.051,3.0552,239.0002,0.9892,0.3221,0.0,0.0,265.9751,146.3116,1.7886,1.0,0.9412,0.0,0.0,0.0,240.6494,0.0,0.0,0.0,0.0,1.0177,0.0,0.0,13.0,8.0,1.0,49199.0,MALWARE_ENCRYPTED,ja3s_demo.pcap_aug
3.1604,162.6582,0.0301,89.057,6305.2025,0.9387,0.3311,0.0146,0.3053,2.207,1.0858,1.0127,1.0993,3.1733,170.6329,0.9572,0.3266,0.0,0.0,183.1992,0.0,164.4477,1.0,0.8987,0.0,0.0,0.0,168.6885,0.0,0.0,0.0,0.0,1.0005,0.0,0.0,2.0,0.0,0.0,0.0,MALWARE_ENCRYPTED,encrypted_anomaly.pcap_aug
3.2894,247.3754,0.0322,111.554,9906.889,0.8965,0.3305,0.0142,0.3609,1.9171,1.0127,0.8819,0.9282,3.0459,255.3874,1.0295,0.3304,0.0,0.0,273.8976,39.9363,7.1384,1.0,0.9269,0.0,0.0,0.0,293.7565,0.0,0.0,0.0,0.0,1.0625,0.0,0.0,12.0,8.0,1.0,0.0,MALWARE_ENCRYPTED,ja3_demo.pcap_aug
2.8165,234.4872,0.0294,93.5913,8539.7966,1.0815,0.3635,0.0166,0.2935,2.0755,1.0838,1.0545,0.9049,3.0215,249.2846,0.9981,0.2981,0.0,0.0,297.7259,151.3147,1.6668,1.0,1.1011,0.0,0.0,0.0,291.3628,0.0,0.0,0.0,0.0,1.0047,0.0,0.0,13.0,8.0,1.0,49199.0,MALWARE_ENCRYPTED,ja3s_demo.pcap_aug
3.1446,168.6753,0.0334,90.0377,5237.0482,0.912,0.3589,0.0135,0.3388,1.9688,1.1114,0.9368,0.9426,2.8668,186.5621,1.0482,0.3522,0.0,0.0,166.4021,0.0,164.4769,1.0,0.8979,0.0,0.0,0.0,161.5853,0.0,0.0,0.0,0.0,1.0672,0.0,0.0,2.0,0.0,0.0,0.0,MALWARE_ENCRYPTED,encrypted_anomaly.pcap_aug
3.061,245.836,0.0276,99.1854,8732.9046,1.0086,0.3705,0.0139,0.318,1.8872,0.9088,0.9178,1.0447,3.235,280.6632,0.8897,0.3602,0.0,0.0,256.9237,36.0756,6.2951,1.0,0.9654,0.0,0.0,0.0,268.8657,0.0,0.0,0.0,0.0,1.0425,0.0,0.0,12.0,8.0,1.0,0.0,MALWARE_ENCRYPTED,ja3_demo.pcap_aug
2.8273,297.3248,0.0266,97.7047,8764.8895,1.0595,0.3133,0.0149,0.3577,1.8271,0.8829,1.0793,1.1158,2.7341,286.6633,0.9693,0.3438,0.0,0.0,275.2367,146.8451,1.7403,1.0,1.0751,0.0,0.0,0.0,235.4717,0.0,0.0,0.0,0.0,0.8955,0.0,0.0,13.0,8.0,1.0,49199.0,MALWARE_ENCRYPTED,ja3s_demo.pcap_aug
3.2898,171.6377,0.0273,109.722,6258.4698,0.9596,0.2967,0.0149,0.3068,2.0355,1.0772,0.9748,0.8871,3.1319,160.3364,0.9315,0.3083,0.0,0.0,164.8067,0.0,190.0118,1.0,0.8883,0.0,0.0,0.0,178.9768,0.0,0.0,0.0,0.0,0.939,0.0,0.0,2.0,0.0,0.0,0.0,MALWARE_ENCRYPTED,encrypted_anomaly.pcap_aug
2.8525,262.3393,0.0304,89.4636,8461.1811,0.9129,0.3093,0.0164,0.3354,2.0628,1.0725,1.0708,1.1175,3.203,258.9381,1.0107,0.3321,0.0,0.0,294.5434,40.023,6.5205,1.0,0.9232,0.0,0.0,0.0,256.3502,0.0,0.0,0.0,0.0,0.9326,0.0,0.0,12.0,8.0,1.0,0.0,MALWARE_ENCRYPTED,ja3_demo.pcap_aug
3.285,283.7819,0.0268,111.796,8929.2361,1.064,0.3733,0.0167,0.3013,2.0753,0.944,1.0759,1.1001,2.6803,297.6897,0.9327,0.3611,0.0,0.0,284.9854,138.982,1.9976,1.0,1.0829,0.0,0.0,0.0,245.3222,0.0,0.0,0.0,0.0,1.0222,0.0,0.0,13.0,8.0,1.0,49199.0,MALWARE_ENCRYPTED,ja3s_demo.pcap_aug
3.2205,182.2529,0.033,88.677,6079.1864,1.1074,0.3384,0.0152,0.3084,2.2342,1.0916,0.9981,0.9542,2.9931,156.8891,0.9358,0.3108,0.0,0.0,175.1045,0.0,153.1485,1.0,1.1003,0.0,0.0,0.0,161.5332,0.0,0.0,0.0,0.0,0.9113,0.0,0.0,2.0,0.0,0.0,0.0,MALWARE_ENCRYPTED,encrypted_anomaly.pcap_aug
3.1562,294.936,0.0325,95.7662,7908.3221,1.0208,0.3667,0.016,0.3611,2.1731,1.1105,0.9697,1.1061,2.9248,242.3384,0.9524,0.3042,0.0,0.0,245.9706,44.3075,7.1693,1.0,1.1106,0.0,0.0,0.0,277.5953,0.0,0.0,0.0,0.0,0.9218,0.0,0.0,12.0,8.0,1.0,0.0,MALWARE_ENCRYPTED,ja3_demo.pcap_aug
3.3375,278.3569,0.0331,106.8871,8277.6576,1.0213,0.3074,0.0143,0.3484,1.8211,1.0549,1.1077,1.1077,2.922,297.555,1.1116,0.2959,0.0,0.0,272.5365,158.5511,2.0545,1.0,0.933,0.0,0.0,0.0,270.1847,0.0,0.0,0.0,0.0,1.1048,0.0,0.0,13.0,8.0,1.0,49199.0,MALWARE_ENCRYPTED,ja3s_demo.pcap_aug
2.7413,184.2455,0.0281,111.5772,5337.7044,1.0925,0.3004,0.0158,0.3445,2.1856,0.9872,0.9437,0.9399,2.6888,163.838,0.9059,0.2934,0.0,0.0,169.2367,0.0,183.7127,1.0,1.1126,0.0,0.0,0.0,190.0589,0.0,0.0,0.0,0.0,0.9983,0.0,0.0,2.0,0.0,0.0,0.0,MALWARE_ENCRYPTED,encrypted_anomaly.pcap_aug
2.9127,270.9603,0.0271,99.5078,9713.8673,1.0362,0.3483,0.0138,0.2992,2.166,0.9508,0.9565,1.1084,2.6934,246.7812,0.9701,0.3519,0.0,0.0,271.026,43.822,6.0457,1.0,1.0226,0.0,0.0,0.0,275.3096,0.0,0.0,0.0,0.0,0.9959,0.0,0.0,12.0,8.0,1.0,0.0,MALWARE_ENCRYPTED,ja3_demo.pcap_aug
2.6623,294.2455,0.0276,109.3533,8136.9266,0.9043,0.3098,0.0139,0.3491,2.1066,1.0552,0.9437,0.9476,2.811,237.2487,1.0172,0.3605,0.0,0.0,243.8852,139.1902,1.8151,1.0,0.9507,0.0,0.0,0.0,276.3434,0.0,0.0,0.0,0.0,1.0241,0.0,0.0,13.0,8.0,1.0,49199.0,MALWARE_ENCRYPTED,ja3s_demo.pcap_aug
2.7838,154.1947,0.0276,95.0036,5218.06,1.0825,0.318,0.0146,0.3325,2.0773,0.9019,1.0106,0.9244,3.2776,168.5462,0.987,0.3144,0.0,0.0,172.5408,0.0,162.5679,1.0,0.9445,0.0,0.0,0.0,155.6941,0.0,0.0,0.0,0.0,1.0605,0.0,0.0,2.0,0.0,0.0,0.0,MALWARE_ENCRYPTED,encrypted_anomaly.pcap_aug
3.1206,241.3527,0.0289,100.9949,9942.5355,1.0215,0.3376,0.0162,0.3588,1.9609,1.0085,1.0881,0.994,3.2748,266.4732,0.8989,0.3656,0.0,0.0,281.7841,40.0202,7.3439,1.0,1.0721,0.0,0.0,0.0,279.419,0.0,0.0,0.0,0.0,1.0289,0.0,0.0,12.0,8.0,1.0,0.0,MALWARE_ENCRYPTED,ja3_demo.pcap_aug
2.7266,282.4189,0.0276,111.6241,9871.3645,1.074,0.3034,0.0147,0.3724,1.969,1.1193,1.0305,1.0802,2.8257,292.2258,1.0994,0.2987,0.0,0.0,258.8562,140.4526,1.7701,1.0,0.9463,0.0,0.0,0.0,263.3288,0.0,0.0,0.0,0.0,1.0896,0.0,0.0,13.0,8.0,1.0,49199.0,MALWARE_ENCRYPTED,ja3s_demo.pcap_aug
3.2063,179.1389,0.0302,98.0703,5680.9092,0.9156,0.3404,0.0159,0.3685,2.204,1.015,0.9042,0.9487,3.0257,167.48,0.9786,0.324,0.0,0.0,173.398,0.0,178.5503,1.0,0.889,0.0,0.0,0.0,164.6213,0.0,0.0,0.0,0.0,0.9145,0.0,0.0,2.0,0.0,0.0,0.0,MALWARE_ENCRYPTED,encrypted_anomaly.pcap_aug
3.0782,280.4563,0.0267,109.3499,8572.0648,0.937,0.353,0.0165,0.3651,1.7697,1.0762,0.9527,0.9473,2.994,280.6185,0.9036,0.3628,0.0,0.0,244.4837,44.5525,6.6085,1.0,1.0782,0.0,0.0,0.0,253.1691,0.0,0.0,0.0,0.0,0.98,0.0,0.0,12.0,8.0,1.0,0.0,MALWARE_ENCRYPTED,ja3_demo.pcap_aug
3.1048,246.0778,0.0279,107.7745,9379.3316,1.0623,0.3627,0.0162,0.3346,1.8363,0.9547,1.0016,0.9126,3.2529,290.2166,0.8869,0.3088,0.0,0.0,287.2542,155.6459,1.7362,1.0,0.9895,0.0,0.0,0.0,292.6871,0.0,0.0,0.0,0.0,1.0491,0.0,0.0,13.0,8.0,1.0,49199.0,MALWARE_ENCRYPTED,ja3s_demo.pcap_aug
2.8373,187.5096,0.03,103.2499,5276.4361,0.8873,0.3231,0.0153,0.3075,2.1778,1.0209,0.9639,0.9192,3.284,184.3966,1.0453,0.3161,0.0,0.0,169.263,0.0,159.923,1.0,1.0173,0.0,0.0,0.0,193.415,0.0,0.0,0.0,0.0,1.0857,0.0,0.0,2.0,0.0,0.0,0.0,MALWARE_ENCRYPTED,encrypted_anomaly.pcap_aug
3.1061,279.4294,0.0283,97.8283,7904.3331,1.0673,0.3547,0.0132,0.3663,2.0707,1.0243,0.882,0.9406,3.2197,255.4872,1.1121,0.3448,0.0,0.0,263.0993,38.8142,6.4567,1.0,0.9405,0.0,0.0,0.0,265.858,0.0,0.0,0.0,0.0,1.0425,0.0,0.0,12.0,8.0,1.0,0.0,MALWARE_ENCRYPTED,ja3_demo.pcap_aug
3.2335,259.4342,0.0271,100.2756,9212.0946,1.0824,0.3233,0.0155,0.3421,1.9033,0.9059,0.8953,1.1172,3.1012,289.0776,0.9427,0.3502,0.0,0.0,291.0491,137.0462,1.692,1.0,1.0637,0.0,0.0,0.0,291.516,0.0,0.0,0.0,0.0,1.0733,0.0,0.0,13.0,8.0,1.0,49199.0,MALWARE_ENCRYPTED,ja3s_demo.pcap_aug
269.2144,317483.4379,5.1926,52.3778,65301.1842,1.0373,0.0045,0.0188,0.0,243.2965,0.8885,1.0499,1.0173,232.3205,326897.4857,0.9334,0.004,0.0,0.0,331239.0759,1097.5664,322.8287,1.0,1.0018,0.0,0.0,0.0,335742.5078,0.0,0.0,0.0,0.0,1.0818,0.0,0.0,0.0,0.0,0.0,0.0,DATA_EXFIL,data_exfil.pcap_aug
273.68,286313.4467,4.5171,45.7175,58416.3346,1.074,0.0042,0.0185,0.0,240.1379,0.9014,0.9653,1.0586,239.3788,331476.6942,0.9595,0.0038,0.0,0.0,294715.4263,1084.2913,307.8476,1.0,1.0879,0.0,0.0,0.0,316258.754,0.0,0.0,0.0,0.0,1.1066,0.0,0.0,0.0,0.0,0.0,0.0,DATA_EXFIL,data_exfil.pcap_aug
225.17,339017.0375,5.0006,54.6277,60247.0711,0.9516,0.0036,0.0217,0.0,232.0178,0.9782,1.0167,1.0976,248.4441,296377.1665,1.0518,0.0043,0.0,0.0,309115.8957,1031.4479,285.9926,1.0,1.0323,0.0,0.0,0.0,273185.9298,0.0,0.0,0.0,0.0,0.9456,0.0,0.0,0.0,0.0,0.0,0.0,DATA_EXFIL,data_exfil.pcap_aug
266.7343,285381.0869,5.3174,50.0745,65930.4813,0.9011,0.0041,0.0206,0.0,277.9197,0.972,0.8891,0.9279,243.3556,273882.6728,0.9573,0.0043,0.0,0.0,287015.9368,1042.4196,319.4667,1.0,0.9397,0.0,0.0,0.0,324440.099,0.0,0.0,0.0,0.0,0.9626,0.0,0.0,0.0,0.0,0.0,0.0,DATA_EXFIL,data_exfil.pcap_aug
228.6468,301375.0375,5.1064,46.1883,66827.4849,0.9516,0.0038,0.0211,0.0,240.2701,1.0931,1.1189,0.9623,275.1794,299566.9148,0.9252,0.0044,0.0,0.0,341158.4972,976.814,289.8317,1.0,1.0545,0.0,0.0,0.0,282598.1693,0.0,0.0,0.0,0.0,1.0562,0.0,0.0,0.0,0.0,0.0,0.0,DATA_EXFIL,data_exfil.pcap_aug
256.4031,285409.2871,4.8399,52.0138,55123.1347,1.0904,0.0038,0.0202,0.0,279.6808,1.0389,1.0369,0.8847,262.4305,303847.3031,0.9713,0.004,0.0,0.0,308134.8418,916.7505,324.5642,1.0,1.0313,0.0,0.0,0.0,295241.155,0.0,0.0,0.0,0.0,1.0388,0.0,0.0,0.0,0.0,0.0,0.0,DATA_EXFIL,data_exfil.pcap_aug
260.788,292924.0917,5.1268,45.8286,66928.8144,0.9052,0.0042,0.0182,0.0,226.3758,0.9277,0.9279,0.9431,252.3943,287841.6214,1.0488,0.0038,0.0,0.0,275767.3629,999.1251,288.2896,1.0,1.1039,0.0,0.0,0.0,297435.2828,0.0,0.0,0.0,0.0,0.8807,0.0,0.0,0.0,0.0,0.0,0.0,DATA_EXFIL,data_exfil.pcap_aug
261.3392,340315.7813,5.4023,52.2364,56786.6533,0.9016,0.004,0.0211,0.0,235.3535,0.9355,1.1173,0.951,248.8481,280261.9414,0.9219,0.0035,0.0,0.0,294456.1874,1072.3831,296.1036,1.0,1.0572,0.0,0.0,0.0,279903.9982,0.0,0.0,0.0,0.0,1.062,0.0,0.0,0.0,0.0,0.0,0.0,DATA_EXFIL,data_exfil.pcap_aug
223.6444,336232.0843,5.196,46.2304,59887.7942,0.9851,0.0041,0.0218,0.0,268.8979,0.9239,0.9762,1.111,237.2552,301536.1353,1.0842,0.0043,0.0,0.0,321115.6073,1071.2583,281.2477,1.0,1.0471,0.0,0.0,0.0,277199.0548,0.0,0.0,0.0,0.0,1.1062,0.0,0.0,0.0,0.0,0.0,0.0,DATA_EXFIL,data_exfil.pcap_aug
230.482,303791.656,5.1089,53.8417,64662.8971,0.9235,0.0039,0.0193,0.0,261.0678,1.0812,1.1136,0.9114,276.3248,281238.8327,0.9787,0.0035,0.0,0.0,292301.7088,955.4171,325.2618,1.0,1.0427,0.0,0.0,0.0,329946.7049,0.0,0.0,0.0,0.0,1.0184,0.0,0.0,0.0,0.0,0.0,0.0,DATA_EXFIL,data_exfil.pcap_aug
254.9163,345600.0173,5.2038,48.2519,62351.882,1.0481,0.0036,0.0208,0.0,240.745,1.0423,0.9724,1.0814,254.5147,346336.3797,0.8931,0.0041,0.0,0.0,284512.1031,1083.7229,336.2226,1.0,1.0887,0.0,0.0,0.0,278405.8927,0.0,0.0,0.0,0.0,0.998,0.0,0.0,0.0,0.0,0.0,0.0,DATA_EXFIL,data_exfil.pcap_aug
235.3913,345023.305,4.4604,46.8592,64140.901,0.9768,0.0037,0.0198,0.0,246.8859,1.0856,0.9873,0.9085,250.8418,321452.4238,0.9046,0.0039,0.0,0.0,314291.0957,880.0407,279.5987,1.0,1.025,0.0,0.0,0.0,318899.6649,0.0,0.0,0.0,0.0,0.9531,0.0,0.0,0.0,0.0,0.0,0.0,DATA_EXFIL,data_exfil.pcap_aug
251.5023,288226.9187,5.2058,55.6259,59974.3337,0.893,0.0037,0.0198,0.0,257.1855,0.9936,1.0377,1.0518,227.7488,329335.8938,0.9332,0.0038,0.0,0.0,334586.528,1111.4641,294.5616,1.0,1.0053,0.0,0.0,0.0,325077.8865,0.0,0.0,0.0,0.0,0.891,0.0,0.0,0.0,0.0,0.0,0.0,DATA_EXFIL,data_exfil.pcap_aug
230.7687,283285.9678,5.2602,52.8694,56158.8888,1.0266,0.0037,0.0221,0.0,247.4228,1.0675,1.052,0.9059,245.8477,341785.1095,1.081,0.0041,0.0,0.0,330290.2135,988.1211,321.8307,1.0,1.1095,0.0,0.0,0.0,282853.412,0.0,0.0,0.0,0.0,0.9997,0.0,0.0,0.0,0.0,0.0,0.0,DATA_EXFIL,data_exfil.pcap_aug
252.8291,276449.3937,5.5224,54.2821,61754.0567,1.002,0.0044,0.0185,0.0,263.8297,0.9108,0.973,1.0241,274.0536,310345.8323,0.9723,0.0044,0.0,0.0,340987.7147,1062.9699,293.1934,1.0,1.1113,0.0,0.0,0.0,345049.0955,0.0,0.0,0.0,0.0,0.9887,0.0,0.0,0.0,0.0,0.0,0.0,DATA_EXFIL,data_exfil.pcap_aug
228.9143,303547.4255,5.24,53.1931,59015.5005,1.0484,0.0043,0.021,0.0,257.955,0.9282,1.0298,0.9497,241.6805,322866.259,1.1155,0.0041,0.0,0.0,344143.888,1000.9344,324.4987,1.0,0.9574,0.0,0.0,0.0,281422.4587,0.0,0.0,0.0,0.0,0.9645,0.0,0.0,0.0,0.0,0.0,0.0,DATA_EXFIL,data_exfil.pcap_aug
249.8175,315296.1598,5.2006,49.2058,65696.8283,1.0819,0.0038,0.0217,0.0,251.3638,0.8861,0.9149,1.0409,232.9221,328656.1672,0.9186,0.0038,0.0,0.0,291479.3443,1081.4516,324.2221,1.0,0.9508,0.0,0.0,0.0,328909.8242,0.0,0.0,0.0,0.0,0.8878,0.0,0.0,0.0,0.0,0.0,0.0,DATA_EXFIL,data_exfil.pcap_aug
269.9169,280460.6963,5.4416,53.0855,67437.6093,1.0582,0.004,0.0187,0.0,267.9293,0.949,1.0395,1.1024,244.2263,344023.0109,1.1142,0.0038,0.0,0.0,313918.5705,883.1117,291.5374,1.0,1.0289,0.0,0.0,0.0,330943.5089,0.0,0.0,0.0,0.0,1.0888,0.0,0.0,0.0,0.0,0.0,0.0,DATA_EXFIL,data_exfil.pcap_aug
270.8782,340658.5367,5.2455,51.9787,65804.5584,1.0112,0.0041,0.0213,0.0,237.6507,0.9226,1.0438,0.9249,231.3494,311070.3388,0.9705,0.0039,0.0,0.0,314251.4807,911.216,316.2894,1.0,0.9412,0.0,0.0,0.0,297432.2449,0.0,0.0,0.0,0.0,1.0503,0.0,0.0,0.0,0.0,0.0,0.0,DATA_EXFIL,data_exfil.pcap_aug
230.2055,284272.2073,4.7872,44.7888,68442.7409,1.0277,0.0041,0.02,0.0,241.4851,1.0682,0.9563,0.9328,231.9563,277908.1838,1.0012,0.0039,0.0,0.0,312795.8304,902.0669,289.2945,1.0,0.9312,0.0,0.0,0.0,297530.5196,0.0,0.0,0.0,0.0,0.9666,0.0,0.0,0.0,0.0,0.0,0.0,DATA_EXFIL,data_exfil.pcap_aug
234.0391,328840.0088,5.0366,56.1835,66825.1718,1.1155,0.0035,0.0208,0.0,274.2698,1.0273,1.0291,1.1101,261.9969,296715.9946,1.0998,0.0044,0.0,0.0,301548.074,1009.657,293.8804,1.0,1.0987,0.0,0.0,0.0,334008.0066,0.0,0.0,0.0,0.0,0.97,0.0,0.0,0.0,0.0,0.0,0.0,DATA_EXFIL,data_exfil.pcap_aug
269.2417,305988.9105,4.4526,54.9986,57432.0515,1.0033,0.0044,0.0184,0.0,252.2785,0.8818,0.8957,1.0409,267.4806,337195.8472,0.9818,0.0036,0.0,0.0,312849.276,1048.6583,345.4756,1.0,1.066,0.0,0.0,0.0,320945.5572,0.0,0.0,0.0,0.0,1.1055,0.0,0.0,0.0,0.0,0.0,0.0,DATA_EXFIL,data_exfil.pcap_aug
265.8727,284276.0166,4.9511,48.1726,55869.5749,0.893,0.0043,0.0203,0.0,233.6587,0.9421,0.9731,1.0313,246.9654,274092.0502,1.0416,0.004,0.0,0.0,320563.21,1028.4038,329.0859,1.0,1.0205,0.0,0.0,0.0,324987.5516,0.0,0.0,0.0,0.0,0.8974,0.0,0.0,0.0,0.0,0.0,0.0,DATA_EXFIL,data_exfil.pcap_aug
276.7856,280732.7032,5.3443,47.8067,55854.4597,1.0637,0.0039,0.0195,0.0,248.4393,1.008,0.9127,0.9738,268.9205,313442.3394,1.1104,0.0036,0.0,0.0,323232.007,1099.4005,331.9921,1.0,1.055,0.0,0.0,0.0,300599.6924,0.0,0.0,0.0,0.0,1.1079,0.0,0.0,0.0,0.0,0.0,0.0,DATA_EXFIL,data_exfil.pcap_aug
254.2243,314137.7177,4.5479,44.2366,63446.4738,1.0089,0.0044,0.0191,0.0,274.2128,0.9625,0.979,1.035,251.7562,284811.7494,0.933,0.0043,0.0,0.0,287294.936,923.5259,332.3376,1.0,1.0845,0.0,0.0,0.0,336186.6199,0.0,0.0,0.0,0.0,1.1038,0.0,0.0,0.0,0.0,0.0,0.0,DATA_EXFIL,data_exfil.pcap_aug
280.7774,307157.7593,5.0596,47.6778,55569.5828,0.9036,0.0042,0.0199,0.0,227.6929,1.0373,0.904,1.0287,275.1031,296481.5245,0.9882,0.0041,0.0,0.0,295580.3909,1020.2008,314.9177,1.0,0.9675,0.0,0.0,0.0,296373.4239,0.0,0.0,0.0,0.0,0.9828,0.0,0.0,0.0,0.0,0.0,0.0,DATA_EXFIL,data_exfil.pcap_aug
221.1711,291152.9936,4.6658,53.0894,61057.4646,1.0816,0.0036,0.0211,0.0,247.7709,0.9661,0.9533,1.0124,231.4684,317974.122,1.082,0.0043,0.0,0.0,283252.6682,1009.2683,292.4224,1.0,1.0927,0.0,0.0,0.0,278524.735,0.0,0.0,0.0,0.0,0.8981,0.0,0.0,0.0,0.0,0.0,0.0,DATA_EXFIL,data_exfil.pcap_aug
222.0023,310574.1353,4.4374,51.1867,60596.2794,1.0216,0.0044,0.0202,0.0,279.9237,0.9933,1.066,0.9678,234.332,330290.189,1.056,0.0038,0.0,0.0,307413.4261,1002.4989,302.3598,1.0,1.0005,0.0,0.0,0.0,322144.8413,0.0,0.0,0.0,0.0,1.0835,0.0,0.0,0.0,0.0,0.0,0.0,DATA_EXFIL,data_exfil.pcap_aug
269.466,318525.3714,4.599,50.3704,61207.7182,0.923,0.0044,0.0208,0.0,264.1552,0.996,0.9661,0.9325,250.2556,277512.6739,0.9687,0.0035,0.0,0.0,288221.1762,1097.8543,299.7158,1.0,0.9927,0.0,0.0,0.0,306665.0372,0.0,0.0,0.0,0.0,0.8911,0.0,0.0,0.0,0.0,0.0,0.0,DATA_EXFIL,data_exfil.pcap_aug
279.9507,296949.2017,5.2445,50.4576,66913.8496,1.0804,0.0038,0.0202,0.0,259.2205,0.9677,1.0368,1.0805,252.0038,300837.6741,1.0977,0.004,0.0,0.0,299094.1996,1088.2527,309.0624,1.0,0.9957,0.0,0.0,0.0,317794.2974,0.0,0.0,0.0,0.0,1.0004,0.0,0.0,0.0,0.0,0.0,0.0,DATA_EXFIL,data_exfil.pcap_aug
229.2515,285157.863,4.4925,51.9287,57714.8784,0.9249,0.0039,0.021,0.0,233.8208,1.0747,1.0529,0.9956,249.7238,288513.5967,0.9187,0.0043,0.0,0.0,274505.4007,890.3546,315.5081,1.0,0.9187,0.0,0.0,0.0,319679.0512,0.0,0.0,0.0,0.0,0.8894,0.0,0.0,0.0,0.0,0.0,0.0,DATA_EXFIL,data_exfil.pcap_aug
255.3535,276995.5899,4.7099,46.3451,68827.5352,1.0238,0.004,0.0177,0.0,259.7047,0.948,0.9006,0.9878,280.6848,337370.8246,0.9209,0.0043,0.0,0.0,317543.3684,1070.7079,333.8848,1.0,0.9237,0.0,0.0,0.0,321919.3996,0.0,0.0,0.0,0.0,0.9435,0.0,0.0,0.0,0.0,0.0,0.0,DATA_EXFIL,data_exfil.pcap_aug
264.505,298333.2325,4.9442,51.2916,57987.1685,0.9725,0.0036,0.0186,0.0,250.2616,0.9808,0.9159,0.9031,249.5464,318578.3654,0.8894,0.0043,0.0,0.0,310287.725,908.2039,308.7186,1.0,0.9113,0.0,0.0,0.0,317739.5074,0.0,0.0,0.0,0.0,1.0786,0.0,0.0,0.0,0.0,0.0,0.0,DATA_EXFIL,data_exfil.pcap_aug
274.9134,330492.9982,5.1791,50.4656,60079.0277,0.8904,0.004,0.0187,0.0,267.3733,0.9715,1.0214,1.0579,266.7551,324676.9341,0.9035,0.0036,0.0,0.0,308339.0886,935.8031,336.757,1.0,0.948,0.0,0.0,0.0,338075.0307,0.0,0.0,0.0,0.0,0.9781,0.0,0.0,0.0,0.0,0.0,0.0,DATA_EXFIL,data_exfil.pcap_aug
232.2666,325602.6813,5.3473,51.1396,56320.6123,0.8817,0.0041,0.0209,0.0,241.7362,0.9171,1.0364,0.9409,272.3838,304352.2453,0.9678,0.0038,0.0,0.0,323478.7983,1061.1933,303.5833,1.0,1.0681,0.0,0.0,0.0,308735.4328,0.0,0.0,0.0,0.0,0.9689,0.0,0.0,0.0,0.0,0.0,0.0,DATA_EXFIL,data_exfil.pcap_aug
254.3079,291718.6931,4.768,48.3249,65066.2195,1.0566,0.0043,0.0208,0.0,246.7957,1.0478,0.9188,0.9315,245.0098,298018.2248,1.0121,0.0042,0.0,0.0,325427.1562,918.5771,344.6085,1.0,0.8813,0.0,0.0,0.0,279613.0651,0.0,0.0,0.0,0.0,0.9149,0.0,0.0,0.0,0.0,0.0,0.0,DATA_EXFIL,data_exfil.pcap_aug
276.6539,305231.4608,4.4769,46.8479,55758.2408,0.8891,0.0039,0.0223,0.0,251.2603,1.0508,1.0234,1.107,270.2906,320479.0206,0.9854,0.0037,0.0,0.0,321713.6923,1072.9384,294.1168,1.0,0.8881,0.0,0.0,0.0,317444.8649,0.0,0.0,0.0,0.0,1.0038,0.0,0.0,0.0,0.0,0.0,0.0,DATA_EXFIL,data_exfil.pcap_aug
234.8359,285446.3542,4.4433,47.0586,54571.3698,0.9178,0.0045,0.0213,0.0,243.7086,1.0207,1.0043,1.0569,225.0135,279544.4054,0.9483,0.0043,0.0,0.0,340920.6517,963.5429,344.513,1.0,0.9464,0.0,0.0,0.0,317954.4586,0.0,0.0,0.0,0.0,0.9267,0.0,0.0,0.0,0.0,0.0,0.0,DATA_EXFIL,data_exfil.pcap_aug
276.886,315613.7792,4.7133,49.0812,56151.4992,0.8974,0.0038,0.0221,0.0,277.4026,1.0903,1.0752,1.018,262.6981,344719.0,1.0152,0.0042,0.0,0.0,329198.4842,1110.6973,306.9779,1.0,0.9906,0.0,0.0,0.0,316500.7264,0.0,0.0,0.0,0.0,0.8866,0.0,0.0,0.0,0.0,0.0,0.0,DATA_EXFIL,data_exfil.pcap_aug
227.884,277861.8855,5.1604,56.1542,64640.8695,0.9352,0.0038,0.0222,0.0,220.5834,1.0797,0.9396,0.9023,261.4636,333931.0392,0.8982,0.0044,0.0,0.0,308295.5007,964.8491,339.3809,1.0,0.9446,0.0,0.0,0.0,343309.8796,0.0,0.0,0.0,0.0,1.0439,0.0,0.0,0.0,0.0,0.0,0.0,DATA_EXFIL,data_exfil.pcap_aug
275.694,309965.5413,4.6396,53.0365,67555.1917,0.9296,0.0037,0.0188,0.0,229.3597,0.9056,1.1008,1.0422,260.8447,318509.8197,1.0634,0.004,0.0,0.0,275979.9824,995.7501,319.0188,1.0,0.9982,0.0,0.0,0.0,346155.5424,0.0,0.0,0.0,0.0,1.0953,0.0,0.0,0.0,0.0,0.0,0.0,DATA_EXFIL,data_exfil.pcap_aug
273.2146,309355.8299,5.5813,55.2121,58738.0043,0.9333,0.0041,0.0179,0.0,248.6992,1.0098,1.0006,0.9745,262.225,285842.025,1.1144,0.0042,0.0,0.0,307068.8686,1045.4105,273.7147,1.0,0.9306,0.0,0.0,0.0,316067.7892,0.0,0.0,0.0,0.0,0.9581,0.0,0.0,0.0,0.0,0.0,0.0,DATA_EXFIL,data_exfil.pcap_aug
257.7938,292159.4303,5.0583,47.0331,61581.6257,1.0271,0.0039,0.02,0.0,262.0428,0.9694,1.085,0.9471,231.7165,282593.2129,1.0182,0.0037,0.0,0.0,280266.4675,944.7878,290.3814,1.0,0.9837,0.0,0.0,0.0,301176.5801,0.0,0.0,0.0,0.0,0.915,0.0,0.0,0.0,0.0,0.0,0.0,DATA_EXFIL,data_exfil.pcap_aug
278.6591,283963.0111,5.3668,46.3038,62002.077,1.1189,0.0043,0.0201,0.0,267.12,0.952,1.0149,1.0163,244.8797,324218.2415,0.8944,0.0043,0.0,0.0,308294.308,1031.1669,306.3087,1.0,0.9603,0.0,0.0,0.0,299694.2396,0.0,0.0,0.0,0.0,1.0145,0.0,0.0,0.0,0.0,0.0,0.0,DATA_EXFIL,data_exfil.pcap_aug
277.0143,292011.6571,4.4238,45.6367,67475.2174,1.1111,0.0037,0.0204,0.0,230.4723,1.0673,0.9652,1.0416,250.2466,327639.8173,1.0935,0.0039,0.0,0.0,294155.3047,1031.6109,283.6133,1.0,0.9202,0.0,0.0,0.0,332937.1096,0.0,0.0,0.0,0.0,0.961,0.0,0.0,0.0,0.0,0.0,0.0,DATA_EXFIL,data_exfil.pcap_aug
258.9079,315370.5232,5.4187,45.0356,56977.9605,0.9348,0.0038,0.019,0.0,258.6787,0.9451,0.9868,1.0871,242.757,316507.6656,1.1117,0.0039,0.0,0.0,286518.0985,885.5443,326.9885,1.0,1.0389,0.0,0.0,0.0,342812.7661,0.0,0.0,0.0,0.0,1.0482,0.0,0.0,0.0,0.0,0.0,0.0,DATA_EXFIL,data_exfil.pcap_aug
225.7031,285254.9409,4.5236,44.9446,67643.7166,1.0116,0.0035,0.0195,0.0,224.9951,0.943,0.9173,1.0372,274.2208,295855.3466,0.9394,0.0038,0.0,0.0,319451.3772,911.5065,335.229,1.0,0.8869,0.0,0.0,0.0,322209.6257,0.0,0.0,0.0,0.0,1.0865,0.0,0.0,0.0,0.0,0.0,0.0,DATA_EXFIL,data_exfil.pcap_aug
240.4701,308265.6838,5.57,50.689,58621.1484,0.9868,0.0044,0.0209,0.0,255.8551,1.0315,1.0326,1.0154,252.4132,320422.2412,0.9543,0.0038,0.0,0.0,312991.6891,1073.1299,305.7138,1.0,0.9678,0.0,0.0,0.0,292167.3382,0.0,0.0,0.0,0.0,0.9529,0.0,0.0,0.0,0.0,0.0,0.0,DATA_EXFIL,data_exfil.pcap_aug
220.8856,333507.284,5.4175,48.3192,61549.6681,0.882,0.0044,0.0221,0.0,220.548,0.9833,0.9503,0.9355,221.3148,300637.8914,0.9788,0.004,0.0,0.0,302208.5443,919.1847,327.6838,1.0,0.9735,0.0,0.0,0.0,300988.6719,0.0,0.0,0.0,0.0,0.9431,0.0,0.0,0.0,0.0,0.0,0.0,DATA_EXFIL,data_exfil.pcap_aug
246.3157,290660.8988,5.3174,55.1392,66585.3723,1.0443,0.0038,0.0212,0.0,244.7742,1.0848,0.9238,0.9495,259.2464,318800.1986,0.9453,0.0041,0.0,0.0,286808.5373,884.6549,276.5283,1.0,1.0084,0.0,0.0,0.0,286670.7423,0.0,0.0,0.0,0.0,0.9045,0.0,0.0,0.0,0.0,0.0,0.0,DATA_EXFIL,data_exfil.pcap_aug
237.0963,326052.644,5.2725,46.9809,56809.5596,0.9985,0.0038,0.0191,0.0,279.8778,0.9913,1.0699,0.9593,271.6952,343646.6525,0.8934,0.0042,0.0,0.0,278146.9066,992.8352,287.1362,1.0,1.082,0.0,0.0,0.0,333646.4995,0.0,0.0,0.0,0.0,1.0788,0.0,0.0,0.0,0.0,0.0,0.0,DATA_EXFIL,data_exfil.pcap_aug
228.227,329992.6121,4.6988,53.4678,61159.2105,1.057,0.0035,0.0198,0.0,251.2683,1.1157,0.9935,1.0435,239.6815,296874.2026,1.031,0.0035,0.0,0.0,342588.316,1005.0223,291.6841,1.0,1.0332,0.0,0.0,0.0,287622.146,0.0,0.0,0.0,0.0,1.093,0.0,0.0,0.0,0.0,0.0,0.0,DATA_EXFIL,data_exfil.pcap_aug
272.9067,289040.7365,4.5355,51.8013,59396.4832,0.9202,0.0038,0.0182,0.0,220.5358,0.8901,1.068,0.9941,256.7958,300470.826,0.9015,0.0037,0.0,0.0,279636.3529,1028.4748,342.0993,1.0,1.1193,0.0,0.0,0.0,319351.0466,0.0,0.0,0.0,0.0,0.8943,0.0,0.0,0.0,0.0,0.0,0.0,DATA_EXFIL,data_exfil.pcap_aug
259.7092,325020.7464,5.3498,45.692,58029.7434,1.1156,0.0043,0.0212,0.0,246.3231,0.9263,1.0454,0.966,228.9963,339704.3577,0.9965,0.0039,0.0,0.0,294764.7952,1047.2891,286.9563,1.0,0.9248,0.0,0.0,0.0,298704.7897,0.0,0.0,0.0,0.0,1.0558,0.0,0.0,0.0,0.0,0.0,0.0,DATA_EXFIL,data_exfil.pcap_aug
237.4655,334695.5907,5.4974,50.8569,55592.1115,0.9172,0.0038,0.0189,0.0,220.0432,1.0331,0.971,0.9245,222.0077,336591.5246,1.0662,0.0037,0.0,0.0,326484.7867,1037.9895,312.9387,1.0,0.973,0.0,0.0,0.0,311831.0219,0.0,0.0,0.0,0.0,0.9994,0.0,0.0,0.0,0.0,0.0,0.0,DATA_EXFIL,data_exfil.pcap_aug
254.1004,318451.2048,4.7871,51.8977,56211.0147,1.0056,0.0036,0.0216,0.0,272.4096,0.9285,0.9965,0.9037,255.2778,335063.9133,1.0379,0.004,0.0,0.0,325019.6958,941.4252,300.0955,1.0,1.0254,0.0,0.0,0.0,278108.9031,0.0,0.0,0.0,0.0,1.1033,0.0,0.0,0.0,0.0,0.0,0.0,DATA_EXFIL,data_exfil.pcap_aug
233.4544,309400.4868,5.4677,45.1394,66487.8214,0.8946,0.004,0.0221,0.0,242.1441,1.05,1.0777,0.9438,223.3289,278072.7526,0.9529,0.0044,0.0,0.0,344312.0755,903.3086,326.795,1.0,1.0076,0.0,0.0,0.0,286932.8736,0.0,0.0,0.0,0.0,1.0063,0.0,0.0,0.0,0.0,0.0,0.0,DATA_EXFIL,data_exfil.pcap_aug
235.8655,319365.3871,4.6147,53.2023,60745.8448,0.9053,0.0041,0.0193,0.0,259.9145,1.0919,0.92,0.9233,245.0698,297949.3977,0.918,0.0045,0.0,0.0,305799.5584,964.5578,296.2858,1.0,1.118,0.0,0.0,0.0,296992.5824,0.0,0.0,0.0,0.0,0.9692,0.0,0.0,0.0,0.0,0.0,0.0,DATA_EXFIL,data_exfil.pcap_aug
266.9145,304875.0863,5.271,51.5062,62947.7774,0.9313,0.0042,0.022,0.0,277.6991,0.9874,0.9753,1.0543,280.0933,317165.6736,1.0042,0.0045,0.0,0.0,295295.1167,952.0802,289.3457,1.0,1.0854,0.0,0.0,0.0,274449.9904,0.0,0.0,0.0,0.0,1.0773,0.0,0.0,0.0,0.0,0.0,0.0,DATA_EXFIL,data_exfil.pcap_aug
